Area Code,Year,Temperature C,Rainfall MM
2,1991,13,36
2,1992,13,34
2,1993,13,26
2,1994,13,29
2,1995,13,25
2,1996,13,27
2,1997,13,28
2,1998,13,30
2,1999,14,25
2,2000,14,17
2,2001,14,15
2,2002,14,24
2,2003,13,27
2,2004,14,24
2,2005,13,30
2,2006,14,27
2,2007,14,25
2,2008,14,22
2,2009,14,31
2,2010,14,22
2,2011,14,26
2,2012,13,32
2,2013,14,29
2,2014,14,26
2,2015,14,33
2,2016,15,28
3,1991,11,76
3,1992,12,66
3,1993,12,72
3,1994,13,84
3,1995,11,90
3,1996,11,96
3,1997,11,71
3,1998,12,80
3,1999,12,89
3,2000,13,63
3,2001,12,65
3,2002,12,87
3,2003,12,79
3,2004,12,87
3,2005,11,84
3,2006,12,82
3,2007,12,83
3,2008,13,82
3,2009,12,106
3,2010,12,108
3,2011,12,60
3,2012,13,82
3,2013,13,84
3,2014,13,106
3,2015,13,78
3,2016,13,91
4,1991,23,7
4,1992,22,7
4,1993,23,5
4,1994,23,7
4,1995,23,6
4,1996,23,8
4,1997,23,7
4,1998,23,5
4,1999,23,7
4,2000,23,4
4,2001,24,5
4,2002,23,6
4,2003,24,9
4,2004,23,8
4,2005,23,6
4,2006,24,8
4,2007,23,7
4,2008,23,7
4,2009,24,8
4,2010,24,8
4,2011,24,8
4,2012,24,7
4,2013,23,7
4,2014,24,6
4,2015,24,7
4,2016,24,5
6,1991,11,63
6,1992,11,82
6,1993,11,74
6,1994,12,58
6,1995,12,54
6,1996,11,91
6,1997,13,65
6,1998,12,53
6,1999,12,69
6,2000,12,63
6,2001,12,51
6,2002,12,75
6,2003,12,68
6,2004,12,68
6,2005,11,55
6,2006,12,51
6,2007,12,52
6,2008,12,67
6,2009,12,55
6,2010,11,63
6,2011,13,60
6,2012,12,50
6,2013,12,73
6,2014,13,74
6,2015,13,51
6,2016,12,56
7,1991,22,85
7,1992,22,68
7,1993,22,79
7,1994,22,72
7,1995,22,68
7,1996,22,74
7,1997,22,88
7,1998,23,79
7,1999,22,84
7,2000,22,83
7,2001,22,81
7,2002,22,88
7,2003,22,77
7,2004,22,85
7,2005,23,75
7,2006,22,90
7,2007,22,81
7,2008,22,84
7,2009,22,85
7,2010,22,79
7,2011,22,84
7,2012,22,86
7,2013,22,79
7,2014,22,85
7,2015,22,75
7,2016,23,80
8,1991,26,179
8,1992,26,253
8,1993,26,210
8,1994,26,142
8,1995,26,190
8,1996,26,220
8,1997,26,191
8,1998,26,251
8,1999,26,220
8,2000,26,169
8,2001,26,194
8,2002,26,211
8,2003,26,214
8,2004,26,266
8,2005,26,271
8,2006,26,266
8,2007,26,201
8,2008,26,264
8,2009,26,162
8,2010,27,259
8,2011,26,254
8,2012,26,219
8,2013,26,194
8,2014,26,216
8,2015,26,122
8,2016,26,223
9,1991,14,52
9,1992,14,57
9,1993,14,48
9,1994,15,48
9,1995,14,39
9,1996,14,49
9,1997,15,52
9,1998,15,49
9,1999,14,50
9,2000,14,57
9,2001,15,56
9,2002,14,60
9,2003,15,47
9,2004,15,45
9,2005,14,45
9,2006,15,47
9,2007,14,46
9,2008,15,42
9,2009,15,42
9,2010,14,44
9,2011,15,44
9,2012,15,49
9,2013,15,41
9,2014,15,56
9,2015,15,51
9,2016,15,52
1,1991,7,41
1,1992,6,45
1,1993,6,42
1,1994,7,46
1,1995,8,37
1,1996,8,38
1,1997,7,41
1,1998,8,37
1,1999,8,37
1,2000,8,33
1,2001,9,38
1,2002,8,52
1,2003,8,55
1,2004,8,48
1,2005,8,50
1,2006,8,45
1,2007,7,55
1,2008,8,39
1,2009,8,53
1,2010,10,52
1,2011,7,51
1,2012,8,39
1,2013,8,42
1,2014,9,42
1,2015,9,52
1,2016,8,53
10,1991,22,38
10,1992,22,38
10,1993,22,41
10,1994,22,28
10,1995,22,44
10,1996,22,39
10,1997,22,44
10,1998,22,45
10,1999,22,48
10,2000,21,56
10,2001,21,42
10,2002,22,27
10,2003,22,38
10,2004,22,41
10,2005,23,33
10,2006,22,38
10,2007,22,39
10,2008,22,38
10,2009,22,39
10,2010,22,54
10,2011,21,50
10,2012,22,39
10,2013,23,35
10,2014,22,37
10,2015,22,37
10,2016,22,42
11,1991,6,95
11,1992,7,95
11,1993,7,92
11,1994,8,91
11,1995,7,101
11,1996,6,104
11,1997,7,93
11,1998,7,97
11,1999,7,103
11,2000,8,104
11,2001,7,95
11,2002,8,108
11,2003,7,78
11,2004,7,95
11,2005,6,98
11,2006,7,91
11,2007,8,102
11,2008,8,98
11,2009,7,108
11,2010,6,102
11,2011,8,82
11,2012,8,98
11,2013,7,102
11,2014,8,111
11,2015,8,96
11,2016,8,120
52,1991,12,33
52,1992,11,37
52,1993,11,36
52,1994,12,40
52,1995,13,31
52,1996,12,32
52,1997,12,35
52,1998,13,29
52,1999,13,34
52,2000,13,32
52,2001,13,31
52,2002,12,41
52,2003,12,43
52,2004,13,44
52,2005,13,38
52,2006,13,38
52,2007,12,37
52,2008,12,33
52,2009,12,37
52,2010,14,42
52,2011,12,38
52,2012,13,32
52,2013,13,34
52,2014,13,31
52,2015,13,41
52,2016,13,38
12,1991,26,109
12,1992,25,89
12,1993,25,113
12,1994,26,109
12,1995,25,142
12,1996,25,118
12,1997,25,119
12,1998,26,102
12,1999,25,89
12,2000,25,103
12,2001,25,127
12,2002,26,114
12,2003,26,106
12,2004,25,86
12,2005,25,114
12,2006,25,99
12,2007,26,135
12,2008,25,104
12,2009,25,101
12,2010,25,113
12,2011,26,98
12,2012,25,126
12,2013,26,103
12,2014,26,119
12,2015,26,102
12,2016,26,120
13,1991,27,8
13,1992,26,7
13,1993,27,9
13,1994,28,3
13,1995,27,10
13,1996,28,9
13,1997,27,9
13,1998,28,8
13,1999,29,7
13,2000,28,6
13,2001,28,2
13,2002,28,7
13,2003,28,6
13,2004,28,7
13,2005,28,6
13,2006,28,7
13,2007,28,4
13,2008,28,3
13,2009,28,9
13,2010,29,2
13,2011,28,5
13,2012,28,4
13,2013,28,3
13,2014,28,8
13,2015,29,4
13,2016,29,2
16,1991,25,224
16,1992,25,149
16,1993,25,222
16,1994,25,152
16,1995,25,201
16,1996,25,186
16,1997,25,191
16,1998,26,218
16,1999,26,217
16,2000,25,202
16,2001,26,187
16,2002,25,211
16,2003,25,198
16,2004,25,182
16,2005,26,160
16,2006,26,173
16,2007,26,258
16,2008,26,180
16,2009,26,173
16,2010,26,196
16,2011,25,233
16,2012,25,177
16,2013,25,180
16,2014,25,160
16,2015,25,212
16,2016,25,177
14,1991,27,163
14,1992,26,218
14,1993,27,171
14,1994,26,157
14,1995,27,187
14,1996,26,186
14,1997,27,151
14,1998,27,232
14,1999,27,176
14,2000,26,188
14,2001,27,163
14,2002,27,149
14,2003,27,139
14,2004,27,253
14,2005,27,228
14,2006,27,170
14,2007,27,181
14,2008,26,203
14,2009,27,157
14,2010,27,237
14,2011,27,261
14,2012,27,193
14,2013,27,188
14,2014,27,193
14,2015,27,122
14,2016,27,183
57,1991,7,45
57,1992,7,47
57,1993,6,54
57,1994,7,50
57,1995,7,49
57,1996,6,48
57,1997,7,55
57,1998,7,64
57,1999,8,48
57,2000,8,52
57,2001,7,55
57,2002,8,44
57,2003,7,49
57,2004,7,56
57,2005,7,52
57,2006,7,49
57,2007,8,52
57,2008,8,56
57,2009,7,67
57,2010,7,60
57,2011,8,47
57,2012,7,63
57,2013,8,55
57,2014,8,47
57,2015,9,44
57,2016,8,58
255,1991,10,63
255,1992,10,73
255,1993,10,78
255,1994,11,74
255,1995,11,68
255,1996,9,53
255,1997,10,65
255,1998,10,83
255,1999,11,79
255,2000,11,84
255,2001,11,88
255,2002,11,83
255,2003,11,58
255,2004,10,71
255,2005,11,69
255,2006,11,72
255,2007,11,79
255,2008,11,75
255,2009,11,71
255,2010,9,73
255,2011,11,64
255,2012,10,81
255,2013,10,71
255,2014,12,72
255,2015,11,68
255,2016,11,73
23,1991,25,163
23,1992,25,174
23,1993,25,193
23,1994,25,155
23,1995,25,187
23,1996,25,159
23,1997,26,175
23,1998,26,193
23,1999,25,168
23,2000,25,167
23,2001,26,172
23,2002,26,161
23,2003,26,148
23,2004,26,153
23,2005,26,175
23,2006,26,225
23,2007,26,165
23,2008,26,180
23,2009,26,146
23,2010,25,190
23,2011,26,178
23,2012,26,169
23,2013,26,237
23,2014,26,177
23,2015,26,157
23,2016,26,166
53,1991,27,102
53,1992,27,80
53,1993,28,80
53,1994,27,93
53,1995,28,95
53,1996,28,88
53,1997,28,86
53,1998,28,93
53,1999,28,98
53,2000,28,81
53,2001,28,70
53,2002,28,86
53,2003,28,101
53,2004,28,88
53,2005,28,83
53,2006,28,83
53,2007,28,95
53,2008,28,100
53,2009,28,92
53,2010,28,95
53,2011,28,77
53,2012,28,85
53,2013,28,79
53,2014,28,86
53,2015,28,76
53,2016,28,79
18,1991,12,179
18,1992,11,149
18,1993,12,160
18,1994,12,133
18,1995,12,162
18,1996,12,152
18,1997,11,158
18,1998,13,173
18,1999,13,181
18,2000,12,172
18,2001,12,176
18,2002,12,155
18,2003,12,172
18,2004,12,157
18,2005,12,136
18,2006,13,148
18,2007,13,177
18,2008,12,171
18,2009,13,130
18,2010,13,177
18,2011,12,167
18,2012,12,149
18,2013,12,168
18,2014,12,152
18,2015,12,144
18,2016,13,152
19,1991,21,93
19,1992,21,97
19,1993,21,91
19,1994,22,90
19,1995,21,64
19,1996,21,88
19,1997,21,97
19,1998,21,87
19,1999,21,91
19,2000,21,95
19,2001,21,99
19,2002,21,89
19,2003,21,94
19,2004,21,91
19,2005,21,85
19,2006,21,99
19,2007,21,91
19,2008,20,92
19,2009,21,101
19,2010,21,85
19,2011,21,95
19,2012,21,92
19,2013,21,96
19,2014,21,97
19,2015,21,93
19,2016,21,75
80,1991,9,95
80,1992,10,78
80,1993,10,81
80,1994,11,77
80,1995,10,101
80,1996,9,102
80,1997,10,81
80,1998,10,90
80,1999,10,105
80,2000,11,69
80,2001,10,93
80,2002,11,96
80,2003,10,68
80,2004,10,102
80,2005,9,103
80,2006,10,80
80,2007,11,85
80,2008,11,86
80,2009,11,95
80,2010,10,123
80,2011,11,63
80,2012,11,80
80,2013,11,106
80,2014,11,123
80,2015,11,83
80,2016,11,92
20,1991,22,37
20,1992,23,18
20,1993,22,25
20,1994,22,24
20,1995,22,27
20,1996,22,35
20,1997,22,37
20,1998,23,30
20,1999,22,28
20,2000,22,40
20,2001,22,36
20,2002,22,27
20,2003,23,26
20,2004,23,37
20,2005,23,28
20,2006,22,39
20,2007,22,26
20,2008,23,34
20,2009,23,34
20,2010,23,42
20,2011,22,44
20,2012,22,27
20,2013,22,30
20,2014,22,32
20,2015,23,24
20,2016,23,30
21,1991,25,139
21,1992,25,140
21,1993,25,141
21,1994,25,153
21,1995,25,149
21,1996,25,151
21,1997,25,150
21,1998,26,144
21,1999,25,149
21,2000,25,161
21,2001,25,148
21,2002,26,152
21,2003,26,141
21,2004,25,150
21,2005,26,151
21,2006,26,155
21,2007,26,142
21,2008,25,158
21,2009,26,164
21,2010,26,147
21,2011,25,155
21,2012,26,138
21,2013,26,148
21,2014,26,146
21,2015,26,132
21,2016,26,136
26,1991,26,212
26,1992,26,207
26,1993,25,235
26,1994,26,239
26,1995,26,287
26,1996,25,300
26,1997,26,237
26,1998,26,247
26,1999,26,321
26,2000,26,307
26,2001,26,286
26,2002,26,236
26,2003,26,260
26,2004,26,236
26,2005,26,277
26,2006,26,299
26,2007,26,303
26,2008,25,342
26,2009,26,295
26,2010,26,338
26,2011,26,321
26,2012,26,284
26,2013,26,293
26,2014,26,264
26,2015,26,244
26,2016,26,218
27,1991,10,53
27,1992,11,41
27,1993,10,40
27,1994,12,45
27,1995,11,62
27,1996,10,50
27,1997,10,56
27,1998,11,59
27,1999,12,54
27,2000,12,34
27,2001,12,44
27,2002,12,56
27,2003,11,50
27,2004,11,50
27,2005,11,66
27,2006,11,55
27,2007,12,57
27,2008,12,40
27,2009,12,59
27,2010,12,63
27,2011,11,41
27,2012,12,52
27,2013,12,49
27,2014,12,77
27,2015,12,60
27,2016,12,56
233,1991,28,70
233,1992,28,63
233,1993,29,59
233,1994,28,78
233,1995,28,63
233,1996,29,64
233,1997,29,60
233,1998,29,68
233,1999,28,71
233,2000,29,59
233,2001,29,60
233,2002,29,56
233,2003,29,76
233,2004,29,61
233,2005,29,67
233,2006,29,65
233,2007,29,71
233,2008,28,68
233,2009,29,71
233,2010,29,72
233,2011,29,60
233,2012,29,74
233,2013,29,65
233,2014,29,70
233,2015,29,64
233,2016,29,74
29,1991,21,102
29,1992,21,95
29,1993,20,88
29,1994,20,102
29,1995,21,98
29,1996,21,91
29,1997,21,111
29,1998,21,109
29,1999,21,99
29,2000,21,91
29,2001,21,115
29,2002,21,105
29,2003,21,107
29,2004,21,94
29,2005,22,90
29,2006,21,113
29,2007,21,108
29,2008,21,100
29,2009,21,104
29,2010,21,106
29,2011,21,132
29,2012,21,78
29,2013,21,108
29,2014,21,104
29,2015,21,108
29,2016,21,120
115,1991,28,140
115,1992,27,134
115,1993,27,119
115,1994,28,178
115,1995,27,156
115,1996,27,163
115,1997,27,133
115,1998,28,156
115,1999,27,172
115,2000,27,178
115,2001,28,168
115,2002,28,158
115,2003,28,146
115,2004,28,141
115,2005,28,147
115,2006,27,173
115,2007,27,205
115,2008,27,145
115,2009,27,157
115,2010,28,144
115,2011,27,188
115,2012,28,167
115,2013,27,176
115,2014,27,157
115,2015,28,132
115,2016,28,146
32,1991,25,127
32,1992,24,128
32,1993,25,135
32,1994,25,131
32,1995,25,127
32,1996,25,136
32,1997,25,141
32,1998,25,129
32,1999,25,138
32,2000,25,132
32,2001,25,144
32,2002,25,140
32,2003,25,136
32,2004,25,129
32,2005,25,119
32,2006,25,133
32,2007,25,153
32,2008,25,132
32,2009,25,120
32,2010,25,131
32,2011,25,115
32,2012,25,134
32,2013,25,126
32,2014,25,126
32,2015,25,112
32,2016,25,143
33,1991,-7,39
33,1992,-7,38
33,1993,-6,38
33,1994,-6,39
33,1995,-6,37
33,1996,-7,40
33,1997,-6,40
33,1998,-5,38
33,1999,-5,41
33,2000,-6,38
33,2001,-5,38
33,2002,-6,38
33,2003,-6,38
33,2004,-7,38
33,2005,-5,42
33,2006,-5,38
33,2007,-6,39
33,2008,-6,40
33,2009,-6,38
33,2010,-4,40
33,2011,-6,38
33,2012,-5,38
33,2013,-6,37
33,2014,-6,39
33,2015,-6,36
33,2016,-5,39
35,1991,23,17
35,1992,23,20
35,1993,23,29
35,1994,23,16
35,1995,23,42
35,1996,23,19
35,1997,24,21
35,1998,24,9
35,1999,23,32
35,2000,23,33
35,2001,24,33
35,2002,24,33
35,2003,23,32
35,2004,24,32
35,2005,24,37
35,2006,23,33
35,2007,24,33
35,2008,24,33
35,2009,23,33
35,2010,24,33
35,2011,23,23
35,2012,23,26
35,2013,24,30
35,2014,23,32
35,2015,24,32
35,2016,24,38
37,1991,25,114
37,1992,25,110
37,1993,25,111
37,1994,25,109
37,1995,25,114
37,1996,25,116
37,1997,26,123
37,1998,26,119
37,1999,25,120
37,2000,25,106
37,2001,25,114
37,2002,25,106
37,2003,26,112
37,2004,26,106
37,2005,26,110
37,2006,26,114
37,2007,26,114
37,2008,25,111
37,2009,26,111
37,2010,26,116
37,2011,26,113
37,2012,25,118
37,2013,26,121
37,2014,25,114
37,2015,26,113
37,2016,26,119
39,1991,27,28
39,1992,27,26
39,1993,27,22
39,1994,27,33
39,1995,27,27
39,1996,27,26
39,1997,28,26
39,1998,28,30
39,1999,27,29
39,2000,27,25
39,2001,27,25
39,2002,27,22
39,2003,28,27
39,2004,28,29
39,2005,28,32
39,2006,28,32
39,2007,28,33
39,2008,28,31
39,2009,28,26
39,2010,28,33
39,2011,28,29
39,2012,28,37
39,2013,28,28
39,2014,28,30
39,2015,28,32
39,2016,28,31
40,1991,8,55
40,1992,8,57
40,1993,8,54
40,1994,9,54
40,1995,8,49
40,1996,8,45
40,1997,9,63
40,1998,9,39
40,1999,8,46
40,2000,8,56
40,2001,8,54
40,2002,8,68
40,2003,9,51
40,2004,9,50
40,2005,8,57
40,2006,9,60
40,2007,8,39
40,2008,9,53
40,2009,9,52
40,2010,8,45
40,2011,8,47
40,2012,9,49
40,2013,9,45
40,2014,9,47
40,2015,9,50
40,2016,9,35
351,1991,7,47
351,1992,6,46
351,1993,6,50
351,1994,7,49
351,1995,7,47
351,1996,6,49
351,1997,7,47
351,1998,8,54
351,1999,7,48
351,2000,7,49
351,2001,7,46
351,2002,7,51
351,2003,7,49
351,2004,7,46
351,2005,7,47
351,2006,7,46
351,2007,8,46
351,2008,7,49
351,2009,7,44
351,2010,7,51
351,2011,7,43
351,2012,7,51
351,2013,7,50
351,2014,7,46
351,2015,7,50
351,2016,7,55
44,1991,25,180
44,1992,25,170
44,1993,25,219
44,1994,25,218
44,1995,25,229
44,1996,24,238
44,1997,25,192
44,1998,25,234
44,1999,24,253
44,2000,24,227
44,2001,25,204
44,2002,25,239
44,2003,25,234
44,2004,25,234
44,2005,25,235
44,2006,25,244
44,2007,25,238
44,2008,24,276
44,2009,25,205
44,2010,25,260
44,2011,25,273
44,2012,25,195
44,2013,25,196
44,2014,25,193
44,2015,25,174
44,2016,25,190
45,1991,25,179
45,1992,26,157
45,1993,25,132
45,1994,26,131
45,1995,26,119
45,1996,25,145
45,1997,26,121
45,1998,26,108
45,1999,26,137
45,2000,26,130
45,2001,26,116
45,2002,26,149
45,2003,26,78
45,2004,26,130
45,2005,26,120
45,2006,26,156
45,2007,26,100
45,2008,26,142
45,2009,26,117
45,2010,26,139
45,2011,26,176
45,2012,26,147
45,2013,26,111
45,2014,26,124
45,2015,26,153
45,2016,26,153
46,1991,25,128
46,1992,24,127
46,1993,24,129
46,1994,24,138
46,1995,25,131
46,1996,24,126
46,1997,25,140
46,1998,25,133
46,1999,25,151
46,2000,25,137
46,2001,25,125
46,2002,25,144
46,2003,25,128
46,2004,25,126
46,2005,25,121
46,2006,25,136
46,2007,25,141
46,2008,25,146
46,2009,25,139
46,2010,25,138
46,2011,25,135
46,2012,25,134
46,2013,25,131
46,2014,25,127
46,2015,25,124
46,2016,25,141
48,1991,25,240
48,1992,25,217
48,1993,25,266
48,1994,25,215
48,1995,25,278
48,1996,24,293
48,1997,25,249
48,1998,25,267
48,1999,24,254
48,2000,25,219
48,2001,25,223
48,2002,25,233
48,2003,25,289
48,2004,25,262
48,2005,25,258
48,2006,25,246
48,2007,25,263
48,2008,25,291
48,2009,25,220
48,2010,25,301
48,2011,25,233
48,2012,25,183
48,2013,25,197
48,2014,25,230
48,2015,25,197
48,2016,25,212
98,1991,10,88
98,1992,11,85
98,1993,11,87
98,1994,12,83
98,1995,11,101
98,1996,10,100
98,1997,11,84
98,1998,11,92
98,1999,11,99
98,2000,12,75
98,2001,11,87
98,2002,12,98
98,2003,11,65
98,2004,11,97
98,2005,10,98
98,2006,11,78
98,2007,12,85
98,2008,12,86
98,2009,12,91
98,2010,11,112
98,2011,12,61
98,2012,12,80
98,2013,12,101
98,2014,12,120
98,2015,12,86
98,2016,12,94
49,1991,26,105
49,1992,26,93
49,1993,26,108
49,1994,26,106
49,1995,26,128
49,1996,25,120
49,1997,26,105
49,1998,26,99
49,1999,26,106
49,2000,26,101
49,2001,26,124
49,2002,26,115
49,2003,26,116
49,2004,26,90
49,2005,26,139
49,2006,26,103
49,2007,26,149
49,2008,26,124
49,2009,26,100
49,2010,25,130
49,2011,26,115
49,2012,26,124
49,2013,26,109
49,2014,26,112
49,2015,27,95
49,2016,26,109
50,1991,19,49
50,1992,18,35
50,1993,19,30
50,1994,20,49
50,1995,19,24
50,1996,19,39
50,1997,18,35
50,1998,20,35
50,1999,20,24
50,2000,19,43
50,2001,20,42
50,2002,19,37
50,2003,20,49
50,2004,19,44
50,2005,19,32
50,2006,19,29
50,2007,20,38
50,2008,20,22
50,2009,20,52
50,2010,21,34
50,2011,19,44
50,2012,20,61
50,2013,20,26
50,2014,20,35
50,2015,20,45
50,2016,20,31
167,1991,8,49
167,1992,9,50
167,1993,8,53
167,1994,9,51
167,1995,8,61
167,1996,7,57
167,1997,8,57
167,1998,9,58
167,1999,9,54
167,2000,10,55
167,2001,8,63
167,2002,9,66
167,2003,9,42
167,2004,8,54
167,2005,8,59
167,2006,9,56
167,2007,10,63
167,2008,9,54
167,2009,9,63
167,2010,8,72
167,2011,9,49
167,2012,9,55
167,2013,9,62
167,2014,10,61
167,2015,10,47
167,2016,9,61
107,1991,26,104
107,1992,26,99
107,1993,26,106
107,1994,26,111
107,1995,27,117
107,1996,27,117
107,1997,27,100
107,1998,27,105
107,1999,26,118
107,2000,27,109
107,2001,27,119
107,2002,27,108
107,2003,27,123
107,2004,27,112
107,2005,27,106
107,2006,27,119
107,2007,27,113
107,2008,26,117
107,2009,27,120
107,2010,27,145
107,2011,27,112
107,2012,27,108
107,2013,27,93
107,2014,27,127
107,2015,27,93
107,2016,27,109
250,1991,24,122
250,1992,24,116
250,1993,24,118
250,1994,24,116
250,1995,25,121
250,1996,24,115
250,1997,25,130
250,1998,25,116
250,1999,24,125
250,2000,24,119
250,2001,25,116
250,2002,25,134
250,2003,25,116
250,2004,25,110
250,2005,25,112
250,2006,25,135
250,2007,25,126
250,2008,24,124
250,2009,25,128
250,2010,25,123
250,2011,24,128
250,2012,24,123
250,2013,25,128
250,2014,25,123
250,2015,25,125
250,2016,25,128
54,1991,8,54
54,1992,9,59
54,1993,8,62
54,1994,9,71
54,1995,8,54
54,1996,7,43
54,1997,8,50
54,1998,8,71
54,1999,9,73
54,2000,9,62
54,2001,8,62
54,2002,9,71
54,2003,9,53
54,2004,9,64
54,2005,9,54
54,2006,9,65
54,2007,9,72
54,2008,9,62
54,2009,9,59
54,2010,7,62
54,2011,9,67
54,2012,8,61
54,2013,9,56
54,2014,10,68
54,2015,9,73
54,2016,9,57
72,1991,28,17
72,1992,28,25
72,1993,28,26
72,1994,28,26
72,1995,28,24
72,1996,28,17
72,1997,28,20
72,1998,28,19
72,1999,28,30
72,2000,28,28
72,2001,28,24
72,2002,29,16
72,2003,28,19
72,2004,28,21
72,2005,28,17
72,2006,28,26
72,2007,28,18
72,2008,28,17
72,2009,29,16
72,2010,29,23
72,2011,29,21
72,2012,29,19
72,2013,29,32
72,2014,28,26
72,2015,29,15
72,2016,29,24
55,1991,25,270
55,1992,25,318
55,1993,25,273
55,1994,25,210
55,1995,25,277
55,1996,25,304
55,1997,25,211
55,1998,25,313
55,1999,25,240
55,2000,25,240
55,2001,25,220
55,2002,25,229
55,2003,25,226
55,2004,25,363
55,2005,25,331
55,2006,25,251
55,2007,25,235
55,2008,25,282
55,2009,25,231
55,2010,25,320
55,2011,25,369
55,2012,25,275
55,2013,25,262
55,2014,25,235
55,2015,25,200
55,2016,25,310
56,1991,24,98
56,1992,24,106
56,1993,24,115
56,1994,25,94
56,1995,25,128
56,1996,24,106
56,1997,25,97
56,1998,25,158
56,1999,24,86
56,2000,24,124
56,2001,25,140
56,2002,25,99
56,2003,25,155
56,2004,24,115
56,2005,24,158
56,2006,24,122
56,2007,24,170
56,2008,24,114
56,2009,24,120
56,2010,24,135
56,2011,24,116
56,2012,24,130
56,2013,24,94
56,2014,25,107
56,2015,25,100
56,2016,25,170
58,1991,22,135
58,1992,22,213
58,1993,22,179
58,1994,22,182
58,1995,22,155
58,1996,21,146
58,1997,22,259
58,1998,23,289
58,1999,21,215
58,2000,21,181
58,2001,21,144
58,2002,22,192
58,2003,22,229
58,2004,22,153
58,2005,21,121
58,2006,22,155
58,2007,21,170
58,2008,21,225
58,2009,22,137
58,2010,22,222
58,2011,21,199
58,2012,22,202
58,2013,22,165
58,2014,22,175
58,2015,22,229
58,2016,22,163
59,1991,22,4
59,1992,22,2
59,1993,23,4
59,1994,23,3
59,1995,23,2
59,1996,23,2
59,1997,22,3
59,1998,23,3
59,1999,23,2
59,2000,22,3
59,2001,23,2
59,2002,23,3
59,2003,23,2
59,2004,23,2
59,2005,23,3
59,2006,23,2
59,2007,23,2
59,2008,24,2
59,2009,23,2
59,2010,25,3
59,2011,23,2
59,2012,24,2
59,2013,23,3
59,2014,24,3
59,2015,24,3
59,2016,24,2
60,1991,24,128
60,1992,24,145
60,1993,24,187
60,1994,24,114
60,1995,24,176
60,1996,24,151
60,1997,24,143
60,1998,25,156
60,1999,24,142
60,2000,24,150
60,2001,24,155
60,2002,25,142
60,2003,25,126
60,2004,25,145
60,2005,25,167
60,2006,24,179
60,2007,24,145
60,2008,24,171
60,2009,25,128
60,2010,24,178
60,2011,24,167
60,2012,24,142
60,2013,24,192
60,2014,25,132
60,2015,25,132
60,2016,25,138
61,1991,25,169
61,1992,24,154
61,1993,25,162
61,1994,25,183
61,1995,25,178
61,1996,25,189
61,1997,25,172
61,1998,25,206
61,1999,25,202
61,2000,25,186
61,2001,25,203
61,2002,25,214
61,2003,25,200
61,2004,25,192
61,2005,25,143
61,2006,25,161
61,2007,25,274
61,2008,25,193
61,2009,25,171
61,2010,25,166
61,2011,25,160
61,2012,25,216
61,2013,25,164
61,2014,25,172
61,2015,25,126
61,2016,25,172
178,1991,27,20
178,1992,26,26
178,1993,26,21
178,1994,26,24
178,1995,26,22
178,1996,27,18
178,1997,27,21
178,1998,27,27
178,1999,27,21
178,2000,27,24
178,2001,27,25
178,2002,27,21
178,2003,27,27
178,2004,27,19
178,2005,27,29
178,2006,27,24
178,2007,27,29
178,2008,27,20
178,2009,28,17
178,2010,28,24
178,2011,27,16
178,2012,27,15
178,2013,27,22
178,2014,27,28
178,2015,28,24
178,2016,28,24
63,1991,6,57
63,1992,6,49
63,1993,5,55
63,1994,5,55
63,1995,6,55
63,1996,5,48
63,1997,6,58
63,1998,5,62
63,1999,6,51
63,2000,7,54
63,2001,6,65
63,2002,6,44
63,2003,6,53
63,2004,6,61
63,2005,6,54
63,2006,7,46
63,2007,7,57
63,2008,7,66
63,2009,6,60
63,2010,5,63
63,2011,7,56
63,2012,6,70
63,2013,7,50
63,2014,7,54
63,2015,7,48
63,2016,6,60
238,1991,23,61
238,1992,23,62
238,1993,23,69
238,1994,23,68
238,1995,23,59
238,1996,23,70
238,1997,23,72
238,1998,23,71
238,1999,23,60
238,2000,23,72
238,2001,23,63
238,2002,23,56
238,2003,23,60
238,2004,23,66
238,2005,23,69
238,2006,23,72
238,2007,23,69
238,2008,23,69
238,2009,24,61
238,2010,24,70
238,2011,23,67
238,2012,23,71
238,2013,23,80
238,2014,23,77
238,2015,24,67
238,2016,24,77
352,1991,7,127
352,1992,7,159
352,1993,6,132
352,1994,6,136
352,1995,6,135
352,1996,6,130
352,1997,7,142
352,1998,6,150
352,1999,6,155
352,2000,7,140
352,2001,7,121
352,2002,7,128
352,2003,8,128
352,2004,7,156
352,2005,7,148
352,2006,7,134
352,2007,7,161
352,2008,7,152
352,2009,7,161
352,2010,6,117
352,2011,7,216
352,2012,7,152
352,2013,7,135
352,2014,8,141
352,2015,7,170
352,2016,7,116
353,1991,27,377
353,1992,27,266
353,1993,27,341
353,1994,27,286
353,1995,27,278
353,1996,27,297
353,1997,27,288
353,1998,27,236
353,1999,27,330
353,2000,27,335
353,2001,27,304
353,2002,27,317
353,2003,27,321
353,2004,27,312
353,2005,27,321
353,2006,27,296
353,2007,27,318
353,2008,27,245
353,2009,27,225
353,2010,27,267
353,2011,27,323
353,2012,27,293
353,2013,28,245
353,2014,27,320
353,2015,27,313
353,2016,28,306
66,1991,24,177
66,1992,24,167
66,1993,24,234
66,1994,24,190
66,1995,24,173
66,1996,24,292
66,1997,24,244
66,1998,25,123
66,1999,24,297
66,2000,25,417
66,2001,25,252
66,2002,24,231
66,2003,24,165
66,2004,24,191
66,2005,25,228
66,2006,24,228
66,2007,25,323
66,2008,24,297
66,2009,24,228
66,2010,25,202
66,2011,24,353
66,2012,24,376
66,2013,24,252
66,2014,24,166
66,2015,24,136
66,2016,25,295
67,1991,2,47
67,1992,3,52
67,1993,2,42
67,1994,2,42
67,1995,2,45
67,1996,2,43
67,1997,2,41
67,1998,1,55
67,1999,2,45
67,2000,3,51
67,2001,2,46
67,2002,2,39
67,2003,2,42
67,2004,2,52
67,2005,3,50
67,2006,3,40
67,2007,3,50
67,2008,3,54
67,2009,2,43
67,2010,1,45
67,2011,3,51
67,2012,2,56
67,2013,3,42
67,2014,3,43
67,2015,4,50
67,2016,3,52
68,1991,11,59
68,1992,11,73
68,1993,11,74
68,1994,12,80
68,1995,12,73
68,1996,11,71
68,1997,12,66
68,1998,11,68
68,1999,12,82
68,2000,12,80
68,2001,11,75
68,2002,12,78
68,2003,12,60
68,2004,11,66
68,2005,11,56
68,2006,12,68
68,2007,12,70
68,2008,11,78
68,2009,12,67
68,2010,11,69
68,2011,12,60
68,2012,12,72
68,2013,11,78
68,2014,13,77
68,2015,12,58
68,2016,12,68
74,1991,25,146
74,1992,25,137
74,1993,25,140
74,1994,25,159
74,1995,25,149
74,1996,25,147
74,1997,25,147
74,1998,26,160
74,1999,25,171
74,2000,25,157
74,2001,25,143
74,2002,25,164
74,2003,25,150
74,2004,25,136
74,2005,25,129
74,2006,25,143
74,2007,25,187
74,2008,25,159
74,2009,25,156
74,2010,26,152
74,2011,25,152
74,2012,25,165
74,2013,25,157
74,2014,25,153
74,2015,25,123
74,2016,26,148
75,1991,28,67
75,1992,28,77
75,1993,28,76
75,1994,27,89
75,1995,28,78
75,1996,28,72
75,1997,28,74
75,1998,29,73
75,1999,28,103
75,2000,28,82
75,2001,28,75
75,2002,28,57
75,2003,28,91
75,2004,28,72
75,2005,28,99
75,2006,28,86
75,2007,28,75
75,2008,28,97
75,2009,28,90
75,2010,29,99
75,2011,28,74
75,2012,28,94
75,2013,28,89
75,2014,28,78
75,2015,28,86
75,2016,28,87
73,1991,7,68
73,1992,5,92
73,1993,5,75
73,1994,6,66
73,1995,7,77
73,1996,7,72
73,1997,6,77
73,1998,7,70
73,1999,8,72
73,2000,7,64
73,2001,8,79
73,2002,7,93
73,2003,7,84
73,2004,7,88
73,2005,7,89
73,2006,7,79
73,2007,7,84
73,2008,7,69
73,2009,7,94
73,2010,9,81
73,2011,6,87
73,2012,7,70
73,2013,7,78
73,2014,8,74
73,2015,8,75
73,2016,7,91
79,1991,9,50
79,1992,10,60
79,1993,9,65
79,1994,10,65
79,1995,9,64
79,1996,7,50
79,1997,9,54
79,1998,9,66
79,1999,10,63
79,2000,10,62
79,2001,9,67
79,2002,10,74
79,2003,10,47
79,2004,9,60
79,2005,9,58
79,2006,10,57
79,2007,10,73
79,2008,10,59
79,2009,9,62
79,2010,8,64
79,2011,10,55
79,2012,9,59
79,2013,9,61
79,2014,11,58
79,2015,10,54
79,2016,10,58
81,1991,27,107
81,1992,27,78
81,1993,27,90
81,1994,27,93
81,1995,27,97
81,1996,27,99
81,1997,27,99
81,1998,28,82
81,1999,27,107
81,2000,28,88
81,2001,28,85
81,2002,28,99
81,2003,28,102
81,2004,28,94
81,2005,28,92
81,2006,28,92
81,2007,28,108
81,2008,27,111
81,2009,28,102
81,2010,28,106
81,2011,28,94
81,2012,28,100
81,2013,28,89
81,2014,28,99
81,2015,28,83
81,2016,28,98
84,1991,13,52
84,1992,13,40
84,1993,14,43
84,1994,15,58
84,1995,14,54
84,1996,13,59
84,1997,13,49
84,1998,14,53
84,1999,15,53
84,2000,15,34
84,2001,15,46
84,2002,14,65
84,2003,14,57
84,2004,14,50
84,2005,14,57
84,2006,14,56
84,2007,15,53
84,2008,15,45
84,2009,15,71
84,2010,15,57
84,2011,14,49
84,2012,15,57
84,2013,15,52
84,2014,15,72
84,2015,15,59
84,2016,15,54
85,1991,-18,45
85,1992,-19,46
85,1993,-19,44
85,1994,-18,42
85,1995,-18,39
85,1996,-17,50
85,1997,-18,48
85,1998,-17,43
85,1999,-18,48
85,2000,-18,42
85,2001,-17,42
85,2002,-17,42
85,2003,-17,43
85,2004,-17,45
85,2005,-16,47
85,2006,-17,40
85,2007,-17,42
85,2008,-17,46
85,2009,-17,41
85,2010,-16,36
85,2011,-16,43
85,2012,-16,49
85,2013,-17,52
85,2014,-16,51
85,2015,-17,55
85,2016,-15,50
86,1991,27,125
86,1992,27,138
86,1993,27,132
86,1994,27,123
86,1995,27,128
86,1996,27,140
86,1997,27,116
86,1998,27,155
86,1999,27,143
86,2000,27,136
86,2001,27,99
86,2002,27,119
86,2003,27,108
86,2004,27,156
86,2005,27,152
86,2006,27,133
86,2007,27,119
86,2008,27,125
86,2009,27,107
86,2010,28,152
86,2011,27,160
86,2012,27,115
86,2013,27,123
86,2014,27,118
86,2015,28,88
86,2016,28,141
89,1991,24,193
89,1992,24,205
89,1993,23,224
89,1994,24,182
89,1995,24,255
89,1996,23,217
89,1997,24,218
89,1998,24,239
89,1999,23,231
89,2000,24,212
89,2001,24,220
89,2002,24,210
89,2003,24,182
89,2004,24,203
89,2005,24,242
89,2006,24,247
89,2007,24,210
89,2008,24,230
89,2009,24,194
89,2010,24,258
89,2011,24,246
89,2012,24,196
89,2013,24,287
89,2014,24,219
89,2015,25,197
89,2016,25,207
90,1991,26,128
90,1992,26,132
90,1993,26,128
90,1994,26,160
90,1995,26,140
90,1996,26,140
90,1997,26,137
90,1998,27,139
90,1999,26,158
90,2000,26,141
90,2001,26,123
90,2002,26,114
90,2003,26,153
90,2004,27,144
90,2005,27,136
90,2006,26,137
90,2007,26,127
90,2008,26,155
90,2009,26,133
90,2010,27,176
90,2011,26,137
90,2012,26,142
90,2013,26,149
90,2014,26,138
90,2015,26,146
90,2016,27,140
175,1991,27,116
175,1992,27,124
175,1993,27,116
175,1994,27,146
175,1995,27,116
175,1996,27,115
175,1997,28,119
175,1998,28,119
175,1999,27,155
175,2000,27,134
175,2001,28,120
175,2002,28,91
175,2003,28,140
175,2004,28,117
175,2005,28,141
175,2006,27,133
175,2007,28,119
175,2008,28,150
175,2009,27,135
175,2010,28,148
175,2011,27,117
175,2012,27,137
175,2013,28,135
175,2014,28,120
175,2015,28,138
175,2016,28,128
91,1991,26,187
91,1992,25,138
91,1993,25,210
91,1994,25,194
91,1995,26,187
91,1996,26,211
91,1997,26,182
91,1998,27,205
91,1999,26,217
91,2000,26,255
91,2001,26,139
91,2002,26,189
91,2003,26,171
91,2004,26,196
91,2005,26,234
91,2006,26,227
91,2007,26,246
91,2008,26,252
91,2009,26,175
91,2010,27,222
91,2011,26,224
91,2012,26,193
91,2013,26,206
91,2014,26,132
91,2015,27,157
91,2016,26,182
93,1991,25,73
93,1992,25,82
93,1993,25,134
93,1994,25,89
93,1995,25,134
93,1996,25,114
93,1997,25,96
93,1998,25,149
93,1999,25,61
93,2000,25,112
93,2001,25,142
93,2002,25,98
93,2003,25,141
93,2004,25,95
93,2005,25,175
93,2006,25,107
93,2007,25,195
93,2008,25,109
93,2009,25,97
93,2010,25,148
93,2011,25,105
93,2012,25,146
93,2013,25,64
93,2014,25,126
93,2015,26,96
93,2016,26,154
95,1991,24,140
95,1992,24,159
95,1993,24,192
95,1994,24,125
95,1995,24,184
95,1996,23,163
95,1997,24,148
95,1998,24,173
95,1999,23,161
95,2000,24,150
95,2001,24,164
95,2002,24,146
95,2003,24,149
95,2004,24,172
95,2005,24,161
95,2006,24,211
95,2007,24,143
95,2008,24,184
95,2009,24,148
95,2010,24,183
95,2011,24,164
95,2012,24,154
95,2013,24,188
95,2014,24,144
95,2015,25,141
95,2016,25,136
97,1991,10,54
97,1992,11,44
97,1993,10,45
97,1994,12,47
97,1995,10,58
97,1996,9,54
97,1997,10,44
97,1998,11,58
97,1999,11,62
97,2000,12,38
97,2001,11,51
97,2002,11,51
97,2003,11,40
97,2004,10,58
97,2005,10,60
97,2006,11,50
97,2007,12,54
97,2008,12,52
97,2009,11,54
97,2010,10,75
97,2011,11,37
97,2012,11,44
97,2013,11,52
97,2014,12,63
97,2015,12,49
97,2016,11,63
99,1991,3,98
99,1992,2,104
99,1993,2,88
99,1994,2,90
99,1995,1,82
99,1996,2,81
99,1997,2,93
99,1998,2,86
99,1999,2,89
99,2000,2,81
99,2001,2,85
99,2002,3,100
99,2003,3,98
99,2004,3,98
99,2005,2,86
99,2006,3,98
99,2007,3,100
99,2008,2,84
99,2009,3,98
99,2010,3,76
99,2011,2,104
99,2012,3,88
99,2013,2,94
99,2014,3,101
99,2015,2,96
99,2016,3,101
100,1991,24,85
100,1992,24,76
100,1993,24,84
100,1994,24,95
100,1995,24,90
100,1996,24,86
100,1997,24,88
100,1998,25,94
100,1999,25,83
100,2000,24,81
100,2001,25,80
100,2002,25,72
100,2003,25,84
100,2004,25,81
100,2005,24,84
100,2006,25,94
100,2007,25,91
100,2008,25,90
100,2009,25,78
100,2010,25,98
100,2011,25,96
100,2012,25,85
100,2013,24,101
100,2014,24,81
100,2015,25,88
100,2016,25,88
101,1991,26,204
101,1992,26,225
101,1993,26,215
101,1994,26,213
101,1995,26,256
101,1996,26,247
101,1997,26,180
101,1998,27,255
101,1999,26,259
101,2000,26,260
101,2001,26,249
101,2002,26,221
101,2003,26,253
101,2004,26,225
101,2005,26,238
101,2006,26,220
101,2007,26,254
101,2008,26,262
101,2009,26,243
101,2010,26,298
101,2011,26,256
101,2012,26,253
101,2013,26,255
101,2014,26,220
101,2015,26,205
101,2016,27,262
102,1991,17,22
102,1992,16,23
102,1993,17,22
102,1994,17,19
102,1995,18,18
102,1996,17,23
102,1997,17,19
102,1998,18,18
102,1999,18,17
102,2000,18,15
102,2001,18,13
102,2002,18,16
102,2003,18,18
102,2004,18,21
102,2005,18,17
102,2006,18,19
102,2007,17,17
102,2008,18,11
102,2009,18,19
102,2010,19,12
102,2011,18,17
102,2012,18,19
102,2013,18,16
102,2014,18,15
102,2015,18,17
102,2016,19,14
103,1991,22,17
103,1992,20,18
103,1993,21,19
103,1994,22,20
103,1995,22,11
103,1996,23,20
103,1997,22,16
103,1998,23,13
103,1999,23,11
103,2000,22,13
103,2001,23,14
103,2002,22,17
103,2003,22,17
103,2004,22,16
103,2005,22,14
103,2006,22,18
103,2007,22,13
103,2008,22,9
103,2009,22,13
103,2010,24,11
103,2011,22,14
103,2012,23,14
103,2013,22,15
103,2014,23,13
103,2015,23,11
103,2016,23,16
104,1991,9,88
104,1992,9,94
104,1993,9,100
104,1994,9,107
104,1995,10,95
104,1996,9,94
104,1997,10,95
104,1998,10,108
104,1999,10,104
104,2000,10,105
104,2001,9,79
104,2002,10,118
104,2003,10,82
104,2004,10,91
104,2005,10,90
104,2006,10,100
104,2007,10,90
104,2008,10,111
104,2009,10,113
104,2010,9,86
104,2011,10,97
104,2012,9,99
104,2013,10,91
104,2014,10,111
104,2015,10,108
104,2016,10,92
105,1991,20,33
105,1992,19,32
105,1993,19,17
105,1994,20,33
105,1995,20,13
105,1996,20,19
105,1997,20,24
105,1998,21,16
105,1999,20,11
105,2000,20,22
105,2001,21,19
105,2002,20,24
105,2003,20,27
105,2004,20,17
105,2005,20,18
105,2006,20,18
105,2007,20,17
105,2008,21,15
105,2009,21,16
105,2010,22,17
105,2011,20,18
105,2012,21,24
105,2013,21,23
105,2014,21,19
105,2015,21,22
105,2016,21,17
106,1991,12,74
106,1992,12,78
106,1993,12,73
106,1994,13,74
106,1995,12,78
106,1996,12,94
106,1997,13,71
106,1998,12,71
106,1999,13,78
106,2000,13,76
106,2001,13,72
106,2002,13,90
106,2003,13,67
106,2004,12,79
106,2005,12,76
106,2006,13,68
106,2007,13,68
106,2008,13,84
106,2009,13,81
106,2010,12,88
106,2011,13,67
106,2012,13,71
106,2013,13,81
106,2014,13,86
106,2015,13,66
106,2016,13,74
109,1991,25,136
109,1992,26,126
109,1993,26,226
109,1994,26,143
109,1995,26,197
109,1996,25,207
109,1997,26,126
109,1998,26,196
109,1999,25,190
109,2000,26,144
109,2001,26,185
109,2002,26,153
109,2003,26,213
109,2004,26,139
109,2005,26,262
109,2006,26,135
109,2007,26,286
109,2008,25,164
109,2009,26,115
109,2010,26,307
109,2011,25,211
109,2012,25,190
109,2013,26,150
109,2014,26,145
109,2015,26,94
109,2016,26,144
110,1991,11,149
110,1992,11,125
110,1993,11,161
110,1994,12,100
110,1995,11,126
110,1996,11,114
110,1997,11,133
110,1998,12,158
110,1999,12,143
110,2000,11,128
110,2001,11,128
110,2002,11,129
110,2003,11,142
110,2004,12,140
110,2005,11,116
110,2006,11,150
110,2007,12,122
110,2008,11,124
110,2009,11,137
110,2010,12,147
110,2011,11,145
110,2012,11,142
110,2013,11,142
110,2014,11,142
110,2015,12,147
110,2016,12,151
112,1991,19,13
112,1992,18,11
112,1993,19,8
112,1994,19,13
112,1995,19,6
112,1996,19,8
112,1997,19,10
112,1998,20,7
112,1999,20,5
112,2000,19,8
112,2001,20,8
112,2002,20,10
112,2003,20,11
112,2004,19,7
112,2005,19,7
112,2006,19,7
112,2007,19,8
112,2008,20,6
112,2009,20,6
112,2010,21,8
112,2011,19,7
112,2012,20,8
112,2013,20,10
112,2014,20,9
112,2015,20,9
112,2016,20,7
108,1991,7,17
108,1992,6,22
108,1993,5,26
108,1994,6,22
108,1995,7,17
108,1996,5,18
108,1997,7,19
108,1998,6,19
108,1999,7,21
108,2000,7,23
108,2001,7,23
108,2002,8,25
108,2003,6,24
108,2004,8,23
108,2005,7,19
108,2006,7,22
108,2007,7,21
108,2008,7,19
108,2009,7,23
108,2010,7,20
108,2011,6,22
108,2012,7,19
108,2013,8,26
108,2014,6,21
108,2015,8,26
108,2016,8,29
114,1991,25,50
114,1992,25,51
114,1993,25,51
114,1994,25,57
114,1995,25,54
114,1996,25,44
114,1997,25,80
114,1998,25,60
114,1999,25,50
114,2000,25,37
114,2001,25,52
114,2002,25,65
114,2003,25,51
114,2004,25,46
114,2005,25,36
114,2006,25,70
114,2007,25,54
114,2008,25,54
114,2009,26,53
114,2010,25,53
114,2011,25,53
114,2012,25,63
114,2013,25,64
114,2014,25,51
114,2015,26,64
114,2016,26,60
83,1991,28,128
83,1992,28,134
83,1993,28,93
83,1994,28,71
83,1995,28,78
83,1996,28,54
83,1997,28,84
83,1998,28,106
83,1999,28,97
83,2000,28,100
83,2001,28,97
83,2002,28,97
83,2003,28,97
83,2004,28,97
83,2005,28,97
83,2006,28,97
83,2007,28,97
83,2008,28,97
83,2009,28,97
83,2010,28,97
83,2011,28,97
83,2012,28,97
83,2013,28,97
83,2014,28,97
83,2015,28,97
83,2016,28,97
118,1991,25,12
118,1992,24,10
118,1993,25,13
118,1994,26,11
118,1995,25,11
118,1996,26,13
118,1997,25,13
118,1998,27,9
118,1999,27,13
118,2000,26,8
118,2001,27,10
118,2002,26,11
118,2003,26,11
118,2004,26,13
118,2005,26,13
118,2006,26,11
118,2007,26,8
118,2008,26,4
118,2009,26,8
118,2010,27,4
118,2011,26,7
118,2012,26,9
118,2013,26,6
118,2014,26,8
118,2015,27,7
118,2016,27,10
113,1991,2,32
113,1992,2,32
113,1993,2,43
113,1994,2,31
113,1995,3,22
113,1996,2,31
113,1997,3,25
113,1998,3,43
113,1999,3,36
113,2000,3,31
113,2001,4,28
113,2002,4,42
113,2003,3,47
113,2004,4,38
113,2005,3,34
113,2006,4,31
113,2007,4,30
113,2008,3,28
113,2009,3,34
113,2010,4,39
113,2011,3,36
113,2012,3,28
113,2013,4,32
113,2014,3,29
113,2015,4,35
113,2016,4,46
120,1991,24,136
120,1992,24,137
120,1993,24,116
120,1994,24,158
120,1995,24,144
120,1996,23,165
120,1997,24,142
120,1998,25,132
120,1999,23,170
120,2000,24,152
120,2001,24,171
120,2002,24,178
120,2003,24,127
120,2004,24,140
120,2005,24,156
120,2006,24,156
120,2007,24,151
120,2008,23,173
120,2009,24,133
120,2010,24,144
120,2011,23,183
120,2012,24,161
120,2013,24,179
120,2014,24,121
120,2015,24,125
120,2016,24,163
119,1991,7,55
119,1992,7,52
119,1993,6,56
119,1994,6,56
119,1995,7,56
119,1996,5,47
119,1997,6,59
119,1998,6,62
119,1999,7,51
119,2000,8,53
119,2001,7,65
119,2002,7,47
119,2003,6,52
119,2004,6,57
119,2005,6,53
119,2006,7,49
119,2007,7,58
119,2008,8,58
119,2009,7,61
119,2010,6,67
119,2011,7,53
119,2012,6,66
119,2013,7,53
119,2014,7,55
119,2015,8,47
119,2016,7,59
121,1991,16,63
121,1992,15,60
121,1993,16,34
121,1994,17,59
121,1995,16,29
121,1996,16,45
121,1997,16,44
121,1998,17,39
121,1999,17,24
121,2000,16,46
121,2001,17,47
121,2002,17,52
121,2003,17,68
121,2004,17,47
121,2005,16,43
121,2006,16,40
121,2007,17,39
121,2008,17,29
121,2009,17,45
121,2010,18,34
121,2011,16,51
121,2012,17,62
121,2013,17,47
121,2014,17,37
121,2015,17,45
121,2016,17,38
122,1991,13,73
122,1992,14,40
122,1993,14,60
122,1994,13,49
122,1995,13,60
122,1996,13,76
122,1997,13,67
122,1998,13,75
122,1999,14,60
122,2000,13,72
122,2001,13,76
122,2002,13,59
122,2003,14,47
122,2004,14,58
122,2005,14,49
122,2006,13,82
122,2007,14,59
122,2008,14,61
122,2009,13,67
122,2010,14,75
122,2011,13,76
122,2012,14,54
122,2013,14,46
122,2014,14,56
122,2015,14,35
122,2016,14,47
123,1991,25,192
123,1992,25,188
123,1993,25,183
123,1994,25,202
123,1995,26,204
123,1996,26,220
123,1997,26,177
123,1998,26,202
123,1999,25,223
123,2000,25,199
123,2001,26,227
123,2002,26,207
123,2003,26,220
123,2004,26,220
123,2005,26,196
123,2006,26,234
123,2007,26,200
123,2008,26,202
123,2009,26,204
123,2010,26,254
123,2011,26,233
123,2012,26,162
123,2013,26,194
123,2014,26,241
123,2015,26,179
123,2016,26,224
124,1991,22,5
124,1992,22,3
124,1993,22,3
124,1994,22,4
124,1995,22,5
124,1996,23,4
124,1997,22,4
124,1998,23,4
124,1999,23,3
124,2000,22,3
124,2001,23,3
124,2002,23,3
124,2003,23,3
124,2004,23,3
124,2005,23,3
124,2006,23,5
124,2007,23,3
124,2008,23,4
124,2009,23,3
124,2010,24,3
124,2011,23,3
124,2012,23,4
124,2013,23,3
124,2014,23,3
124,2015,23,3
124,2016,23,2
354,1991,3,130
354,1992,4,154
354,1993,3,150
354,1994,4,151
354,1995,3,161
354,1996,2,146
354,1997,4,135
354,1998,3,145
354,1999,3,188
354,2000,4,170
354,2001,3,174
354,2002,4,170
354,2003,4,115
354,2004,3,129
354,2005,3,129
354,2006,4,134
354,2007,4,149
354,2008,4,159
354,2009,4,145
354,2010,2,147
354,2011,4,137
354,2012,4,158
354,2013,3,152
354,2014,4,149
354,2015,5,131
354,2016,4,164
126,1991,7,50
126,1992,8,52
126,1993,6,58
126,1994,7,57
126,1995,7,56
126,1996,6,45
126,1997,7,56
126,1998,7,62
126,1999,8,51
126,2000,8,51
126,2001,7,61
126,2002,8,50
126,2003,7,51
126,2004,7,56
126,2005,7,52
126,2006,7,49
126,2007,8,61
126,2008,8,55
126,2009,7,60
126,2010,6,69
126,2011,8,54
126,2012,7,64
126,2013,8,56
126,2014,8,53
126,2015,8,46
126,2016,8,62
256,1991,9,64
256,1992,10,77
256,1993,9,85
256,1994,10,78
256,1995,10,82
256,1996,8,58
256,1997,10,75
256,1998,10,87
256,1999,10,86
256,2000,10,93
256,2001,10,98
256,2002,10,91
256,2003,10,64
256,2004,10,75
256,2005,10,68
256,2006,10,78
256,2007,10,89
256,2008,10,83
256,2009,10,80
256,2010,9,81
256,2011,11,67
256,2012,10,84
256,2013,9,80
256,2014,11,77
256,2015,11,68
256,2016,10,79
129,1991,22,117
129,1992,22,116
129,1993,22,122
129,1994,23,112
129,1995,22,124
129,1996,22,123
129,1997,23,126
129,1998,23,141
129,1999,22,112
129,2000,23,110
129,2001,23,118
129,2002,23,125
129,2003,23,120
129,2004,22,126
129,2005,23,117
129,2006,23,114
129,2007,23,113
129,2008,22,124
129,2009,23,119
129,2010,23,109
129,2011,23,106
129,2012,23,112
129,2013,23,128
129,2014,23,134
129,2015,23,108
129,2016,23,90
130,1991,22,88
130,1992,23,61
130,1993,22,80
130,1994,22,68
130,1995,23,77
130,1996,22,92
130,1997,22,99
130,1998,23,68
130,1999,22,99
130,2000,22,91
130,2001,22,93
130,2002,23,79
130,2003,23,86
130,2004,22,95
130,2005,23,62
130,2006,23,79
130,2007,23,89
130,2008,22,88
130,2009,23,91
130,2010,23,73
130,2011,22,95
130,2012,22,83
130,2013,22,89
130,2014,22,89
130,2015,23,68
130,2016,23,76
131,1991,26,228
131,1992,26,209
131,1993,25,245
131,1994,26,259
131,1995,26,281
131,1996,26,277
131,1997,26,214
131,1998,26,235
131,1999,26,297
131,2000,26,282
131,2001,26,258
131,2002,26,228
131,2003,26,267
131,2004,26,241
131,2005,26,241
131,2006,26,269
131,2007,26,281
131,2008,25,311
131,2009,26,291
131,2010,26,271
131,2011,26,293
131,2012,26,275
131,2013,26,266
131,2014,26,244
131,2015,26,229
131,2016,26,245
132,1991,28,197
132,1992,28,197
132,1993,28,197
132,1994,28,197
132,1995,28,197
132,1996,28,197
132,1997,28,197
132,1998,29,197
132,1999,28,197
132,2000,28,197
132,2001,28,197
132,2002,28,197
132,2003,28,197
132,2004,28,197
132,2005,28,197
132,2006,28,197
132,2007,28,197
132,2008,28,197
132,2009,28,197
132,2010,28,197
132,2011,28,197
132,2012,28,197
132,2013,28,197
132,2014,29,197
132,2015,29,197
132,2016,29,197
133,1991,28,25
133,1992,28,24
133,1993,29,23
133,1994,28,31
133,1995,29,25
133,1996,29,24
133,1997,29,24
133,1998,29,27
133,1999,28,32
133,2000,29,24
133,2001,29,24
133,2002,29,21
133,2003,29,31
133,2004,29,25
133,2005,29,27
133,2006,29,25
133,2007,29,26
133,2008,29,29
133,2009,29,27
133,2010,30,33
133,2011,29,24
133,2012,29,31
133,2013,29,27
133,2014,29,27
133,2015,29,27
133,2016,29,28
134,1991,19,39
134,1992,19,33
134,1993,19,32
134,1994,20,35
134,1995,19,42
134,1996,19,46
134,1997,19,44
134,1998,19,27
134,1999,20,28
134,2000,20,30
134,2001,20,26
134,2002,20,34
134,2003,20,47
134,2004,19,32
134,2005,19,34
134,2006,20,35
134,2007,20,37
134,2008,20,31
134,2009,20,46
134,2010,20,35
134,2011,19,39
134,2012,20,34
134,2013,20,33
134,2014,20,34
134,2015,20,38
134,2016,20,25
127,1991,27,324
127,1992,28,165
127,1993,28,284
127,1994,28,239
127,1995,28,241
127,1996,28,267
127,1997,28,235
127,1998,28,190
127,1999,28,223
127,2000,28,221
127,2001,28,225
127,2002,28,268
127,2003,28,242
127,2004,28,227
127,2005,28,241
127,2006,28,194
127,2007,28,215
127,2008,28,217
127,2009,28,198
127,2010,27,252
127,2011,28,271
127,2012,28,174
127,2013,28,186
127,2014,28,272
127,2015,28,262
127,2016,28,194
136,1991,28,6
136,1992,28,7
136,1993,28,8
136,1994,28,8
136,1995,28,9
136,1996,28,6
136,1997,29,7
136,1998,29,8
136,1999,28,10
136,2000,28,8
136,2001,29,7
136,2002,29,7
136,2003,29,10
136,2004,29,9
136,2005,29,9
136,2006,28,7
136,2007,28,8
136,2008,28,10
136,2009,28,9
136,2010,29,12
136,2011,29,7
136,2012,28,10
136,2013,29,9
136,2014,28,8
136,2015,29,10
136,2016,29,8
137,1991,23,138
137,1992,23,119
137,1993,23,204
137,1994,23,142
137,1995,23,162
137,1996,23,110
137,1997,23,140
137,1998,23,147
137,1999,23,84
137,2000,23,137
137,2001,23,140
137,2002,23,152
137,2003,23,150
137,2004,23,156
137,2005,23,181
137,2006,23,164
137,2007,23,144
137,2008,23,168
137,2009,24,160
137,2010,24,155
137,2011,24,152
137,2012,24,109
137,2013,24,157
137,2014,24,144
137,2015,24,161
137,2016,24,127
138,1991,21,62
138,1992,21,63
138,1993,21,62
138,1994,21,53
138,1995,21,60
138,1996,21,58
138,1997,21,59
138,1998,21,63
138,1999,21,64
138,2000,21,59
138,2001,21,56
138,2002,21,59
138,2003,21,64
138,2004,21,69
138,2005,21,59
138,2006,21,67
138,2007,21,64
138,2008,21,65
138,2009,22,55
138,2010,21,68
138,2011,22,56
138,2012,22,58
138,2013,21,77
138,2014,21,71
138,2015,22,63
138,2016,22,66
355,1991,10,81
355,1992,10,92
355,1993,10,85
355,1994,11,99
355,1995,10,91
355,1996,10,103
355,1997,11,76
355,1998,10,72
355,1999,10,88
355,2000,11,101
355,2001,10,59
355,2002,11,114
355,2003,11,64
355,2004,10,65
355,2005,10,67
355,2006,11,67
355,2007,11,48
355,2008,10,103
355,2009,11,85
355,2010,10,91
355,2011,11,80
355,2012,11,82
355,2013,10,99
355,2014,11,97
355,2015,11,70
355,2016,11,69
141,1991,0,21
141,1992,0,19
141,1993,0,24
141,1994,1,24
141,1995,1,18
141,1996,0,18
141,1997,1,18
141,1998,2,23
141,1999,1,18
141,2000,0,17
141,2001,1,16
141,2002,1,15
141,2003,0,22
141,2004,1,15
141,2005,0,16
141,2006,1,16
141,2007,2,16
141,2008,1,18
141,2009,1,16
141,2010,0,19
141,2011,0,17
141,2012,-1,20
141,2013,1,22
141,2014,1,17
141,2015,2,16
141,2016,1,22
273,1991,8,98
273,1992,9,81
273,1993,9,83
273,1994,10,83
273,1995,9,106
273,1996,8,113
273,1997,9,84
273,1998,9,96
273,1999,10,107
273,2000,10,77
273,2001,10,90
273,2002,10,97
273,2003,10,80
273,2004,9,113
273,2005,9,111
273,2006,9,90
273,2007,10,92
273,2008,10,96
273,2009,10,112
273,2010,10,136
273,2011,10,67
273,2012,10,89
273,2013,10,114
273,2014,10,122
273,2015,10,83
273,2016,10,107
143,1991,17,27
143,1992,17,22
143,1993,17,22
143,1994,18,18
143,1995,18,22
143,1996,18,43
143,1997,18,27
143,1998,18,18
143,1999,18,23
143,2000,18,19
143,2001,19,18
143,2002,18,28
143,2003,18,29
143,2004,18,24
143,2005,18,19
143,2006,18,28
143,2007,18,19
143,2008,18,29
143,2009,19,29
143,2010,19,37
143,2011,18,30
143,2012,18,26
143,2013,18,21
143,2014,18,25
143,2015,19,18
143,2016,19,24
144,1991,24,80
144,1992,24,57
144,1993,24,81
144,1994,24,67
144,1995,24,70
144,1996,24,86
144,1997,24,96
144,1998,24,78
144,1999,24,95
144,2000,24,102
144,2001,24,96
144,2002,24,70
144,2003,24,79
144,2004,24,95
144,2005,25,56
144,2006,24,73
144,2007,24,80
144,2008,24,79
144,2009,24,75
144,2010,25,76
144,2011,24,85
144,2012,24,79
144,2013,24,82
144,2014,24,84
144,2015,25,66
144,2016,24,68
28,1991,23,166
28,1992,23,161
28,1993,23,144
28,1994,23,172
28,1995,23,164
28,1996,23,177
28,1997,23,164
28,1998,24,156
28,1999,23,175
28,2000,23,166
28,2001,23,166
28,2002,23,190
28,2003,23,157
28,2004,23,160
28,2005,24,152
28,2006,23,187
28,2007,23,183
28,2008,23,165
28,2009,24,148
28,2010,24,173
28,2011,23,207
28,2012,23,139
28,2013,23,174
28,2014,23,130
28,2015,23,150
28,2016,24,190
147,1991,20,26
147,1992,21,11
147,1993,21,23
147,1994,21,19
147,1995,21,13
147,1996,20,16
147,1997,21,26
147,1998,21,14
147,1999,21,22
147,2000,21,26
147,2001,21,24
147,2002,21,24
147,2003,21,22
147,2004,21,24
147,2005,21,21
147,2006,21,39
147,2007,21,22
147,2008,21,22
147,2009,22,29
147,2010,21,23
147,2011,21,33
147,2012,21,26
147,2013,21,18
147,2014,21,28
147,2015,22,17
147,2016,22,21
149,1991,12,96
149,1992,12,83
149,1993,12,93
149,1994,12,98
149,1995,12,103
149,1996,12,102
149,1997,12,120
149,1998,13,126
149,1999,13,128
149,2000,12,123
149,2001,13,114
149,2002,13,111
149,2003,13,112
149,2004,13,108
149,2005,13,84
149,2006,13,98
149,2007,13,100
149,2008,13,111
149,2009,13,86
149,2010,13,101
149,2011,13,142
149,2012,13,111
149,2013,12,114
149,2014,12,44
149,2015,12,111
149,2016,13,115
150,1991,9,55
150,1992,10,68
150,1993,9,72
150,1994,10,74
150,1995,10,63
150,1996,8,48
150,1997,10,56
150,1998,10,86
150,1999,11,75
150,2000,11,74
150,2001,10,78
150,2002,11,76
150,2003,10,53
150,2004,10,70
150,2005,10,67
150,2006,11,63
150,2007,11,76
150,2008,11,70
150,2009,10,63
150,2010,9,66
150,2011,11,64
150,2012,10,70
150,2013,10,60
150,2014,12,64
150,2015,11,68
150,2016,11,61
153,1991,22,101
153,1992,22,121
153,1993,22,59
153,1994,22,69
153,1995,23,111
153,1996,23,154
153,1997,22,98
153,1998,23,119
153,1999,22,167
153,2000,22,118
153,2001,22,108
153,2002,22,113
153,2003,22,124
153,2004,22,98
153,2005,22,115
153,2006,22,103
153,2007,23,98
153,2008,22,161
153,2009,22,153
153,2010,23,109
153,2011,22,171
153,2012,22,138
153,2013,22,111
153,2014,22,97
153,2015,22,105
153,2016,23,115
156,1991,10,146
156,1992,9,145
156,1993,9,129
156,1994,10,151
156,1995,10,172
156,1996,10,150
156,1997,10,133
156,1998,11,158
156,1999,11,143
156,2000,10,142
156,2001,10,139
156,2002,10,150
156,2003,10,130
156,2004,9,155
156,2005,10,124
156,2006,10,141
156,2007,10,122
156,2008,10,151
156,2009,10,137
156,2010,10,145
156,2011,10,157
156,2012,10,138
156,2013,11,139
156,2014,10,129
156,2015,10,151
156,2016,11,138
157,1991,25,176
157,1992,25,167
157,1993,25,215
157,1994,25,152
157,1995,25,222
157,1996,25,232
157,1997,25,161
157,1998,25,211
157,1999,25,210
157,2000,25,165
157,2001,25,172
157,2002,25,172
157,2003,25,207
157,2004,25,224
157,2005,25,207
157,2006,25,208
157,2007,25,185
157,2008,25,236
157,2009,26,179
157,2010,25,238
157,2011,25,189
157,2012,25,169
157,2013,25,176
157,2014,25,166
157,2015,26,150
157,2016,26,139
158,1991,28,15
158,1992,27,13
158,1993,28,11
158,1994,27,19
158,1995,28,12
158,1996,28,11
158,1997,28,13
158,1998,28,16
158,1999,28,19
158,2000,27,13
158,2001,28,13
158,2002,28,12
158,2003,28,17
158,2004,28,14
158,2005,28,17
158,2006,28,14
158,2007,28,17
158,2008,27,15
158,2009,29,13
158,2010,29,16
158,2011,28,13
158,2012,28,18
158,2013,28,16
158,2014,28,13
158,2015,28,15
158,2016,28,17
159,1991,27,102
159,1992,27,91
159,1993,27,89
159,1994,27,100
159,1995,27,97
159,1996,27,102
159,1997,27,100
159,1998,28,95
159,1999,27,103
159,2000,27,93
159,2001,27,92
159,2002,27,90
159,2003,27,112
159,2004,27,94
159,2005,28,95
159,2006,27,98
159,2007,27,97
159,2008,27,102
159,2009,28,94
159,2010,28,102
159,2011,27,80
159,2012,27,101
159,2013,28,80
159,2014,28,92
159,2015,27,81
159,2016,28,103
116,1991,6,76
116,1992,6,87
116,1993,6,77
116,1994,7,87
116,1995,6,101
116,1996,6,86
116,1997,6,73
116,1998,7,100
116,1999,6,87
116,2000,6,78
116,2001,6,78
116,2002,6,81
116,2003,6,98
116,2004,7,97
116,2005,6,99
116,2006,6,88
116,2007,7,99
116,2008,7,76
116,2009,6,84
116,2010,6,112
116,2011,6,85
116,2012,5,109
116,2013,6,104
116,2014,7,62
116,2015,7,71
116,2016,7,86
440,1991,9,56
440,1992,10,48
440,1993,10,40
440,1994,11,54
440,1995,10,62
440,1996,10,56
440,1997,10,47
440,1998,10,55
440,1999,11,58
440,2000,11,35
440,2001,11,44
440,2002,11,63
440,2003,10,56
440,2004,10,55
440,2005,10,60
440,2006,10,59
440,2007,11,61
440,2008,11,50
440,2009,11,67
440,2010,11,67
440,2011,10,40
440,2012,11,53
440,2013,11,50
440,2014,11,77
440,2015,11,61
440,2016,11,65
356,1991,28,586
356,1992,28,592
356,1993,28,415
356,1994,28,502
356,1995,27,514
356,1996,27,625
356,1997,27,676
356,1998,27,334
356,1999,27,474
356,2000,28,484
356,2001,28,603
356,2002,28,543
356,2003,28,676
356,2004,28,525
356,2005,28,565
356,2006,28,582
356,2007,28,547
356,2008,28,445
356,2009,28,584
356,2010,28,492
356,2011,28,730
356,2012,28,635
356,2013,28,582
356,2014,28,670
356,2015,28,736
356,2016,28,611
162,1991,2,86
162,1992,2,100
162,1993,1,83
162,1994,1,83
162,1995,1,93
162,1996,1,75
162,1997,2,86
162,1998,1,94
162,1999,2,100
162,2000,2,102
162,2001,1,92
162,2002,2,81
162,2003,2,87
162,2004,2,90
162,2005,2,96
162,2006,2,94
162,2007,2,98
162,2008,2,92
162,2009,2,87
162,2010,0,78
162,2011,3,99
162,2012,1,94
162,2013,2,88
162,2014,3,84
162,2015,3,102
162,2016,2,86
221,1991,25,5
221,1992,25,12
221,1993,26,4
221,1994,26,4
221,1995,26,12
221,1996,26,12
221,1997,26,14
221,1998,26,5
221,1999,26,4
221,2000,26,2
221,2001,26,3
221,2002,26,6
221,2003,26,6
221,2004,26,7
221,2005,26,4
221,2006,26,7
221,2007,26,20
221,2008,26,5
221,2009,26,5
221,2010,27,4
221,2011,26,6
221,2012,26,4
221,2013,26,10
221,2014,26,10
221,2015,27,6
221,2016,26,4
165,1991,20,24
165,1992,20,32
165,1993,20,21
165,1994,20,35
165,1995,20,29
165,1996,20,29
165,1997,19,31
165,1998,20,25
165,1999,21,21
165,2000,21,16
165,2001,21,19
165,2002,21,17
165,2003,20,32
165,2004,21,21
165,2005,20,27
165,2006,21,30
165,2007,21,27
165,2008,21,28
165,2009,21,24
165,2010,21,32
165,2011,21,27
165,2012,20,23
165,2013,21,29
165,2014,21,23
165,2015,21,33
165,2016,21,24
180,1991,27,297
180,1992,27,223
180,1993,27,239
180,1994,28,213
180,1995,28,258
180,1996,28,245
180,1997,28,210
180,1998,28,211
180,1999,28,315
180,2000,28,289
180,2001,28,313
180,2002,28,243
180,2003,28,328
180,2004,28,217
180,2005,28,302
180,2006,28,308
180,2007,28,255
180,2008,28,287
180,2009,28,292
180,2010,28,211
180,2011,28,363
180,2012,28,246
180,2013,28,212
180,2014,28,276
180,2015,28,179
180,2016,28,218
166,1991,25,203
166,1992,26,180
166,1993,26,217
166,1994,25,204
166,1995,25,213
166,1996,25,216
166,1997,26,200
166,1998,26,204
166,1999,25,233
166,2000,25,207
166,2001,26,227
166,2002,26,197
166,2003,26,246
166,2004,25,247
166,2005,26,206
166,2006,26,203
166,2007,25,246
166,2008,25,252
166,2009,26,206
166,2010,26,259
166,2011,25,243
166,2012,26,181
166,2013,26,163
166,2014,26,206
166,2015,26,155
166,2016,26,169
168,1991,25,240
168,1992,25,228
168,1993,25,204
168,1994,25,202
168,1995,25,256
168,1996,25,279
168,1997,25,252
168,1998,26,269
168,1999,25,275
168,2000,25,250
168,2001,25,259
168,2002,25,263
168,2003,25,251
168,2004,25,256
168,2005,25,255
168,2006,25,252
168,2007,25,265
168,2008,25,265
168,2009,25,276
168,2010,26,298
168,2011,25,263
168,2012,25,275
168,2013,25,260
168,2014,25,267
168,2015,25,246
168,2016,26,260
169,1991,24,93
169,1992,23,118
169,1993,23,78
169,1994,24,96
169,1995,24,83
169,1996,23,106
169,1997,24,109
169,1998,23,115
169,1999,23,78
169,2000,23,96
169,2001,24,86
169,2002,24,99
169,2003,24,98
169,2004,23,87
169,2005,23,86
169,2006,24,98
169,2007,23,89
169,2008,23,84
169,2009,24,94
169,2010,23,94
169,2011,24,91
169,2012,24,93
169,2013,24,89
169,2014,24,116
169,2015,24,120
169,2016,23,103
170,1991,20,107
170,1992,20,110
170,1993,20,137
170,1994,20,140
170,1995,20,113
170,1996,19,127
170,1997,20,129
170,1998,20,123
170,1999,19,145
170,2000,20,139
170,2001,19,139
170,2002,20,138
170,2003,20,153
170,2004,20,143
170,2005,20,122
170,2006,20,149
170,2007,19,137
170,2008,20,137
170,2009,20,135
170,2010,20,111
170,2011,20,135
170,2012,20,114
170,2013,19,127
170,2014,20,124
170,2015,20,124
170,2016,20,123
171,1991,26,169
171,1992,26,163
171,1993,26,189
171,1994,26,183
171,1995,26,214
171,1996,26,203
171,1997,26,163
171,1998,26,179
171,1999,26,272
171,2000,26,251
171,2001,26,247
171,2002,26,196
171,2003,26,223
171,2004,26,193
171,2005,26,203
171,2006,26,201
171,2007,26,216
171,2008,26,259
171,2009,26,231
171,2010,26,203
171,2011,26,268
171,2012,26,250
171,2013,26,216
171,2014,26,198
171,2015,26,190
171,2016,26,203
173,1991,8,44
173,1992,9,44
173,1993,8,48
173,1994,9,50
173,1995,8,48
173,1996,7,46
173,1997,8,52
173,1998,8,57
173,1999,9,51
173,2000,10,51
173,2001,8,58
173,2002,9,52
173,2003,8,41
173,2004,8,50
173,2005,8,47
173,2006,9,46
173,2007,9,56
173,2008,10,50
173,2009,9,57
173,2010,8,66
173,2011,9,45
173,2012,9,50
173,2013,9,54
173,2014,10,53
173,2015,10,42
173,2016,9,56
357,1991,25,134
357,1992,26,186
357,1993,26,152
357,1994,26,135
357,1995,26,158
357,1996,25,137
357,1997,26,121
357,1998,26,230
357,1999,25,188
357,2000,25,127
357,2001,26,152
357,2002,26,140
357,2003,26,193
357,2004,25,210
357,2005,25,227
357,2006,25,212
357,2007,26,177
357,2008,25,188
357,2009,26,207
357,2010,26,262
357,2011,25,248
357,2012,26,157
357,2013,26,244
357,2014,26,187
357,2015,26,134
357,2016,26,220
174,1991,15,54
174,1992,15,49
174,1993,15,66
174,1994,15,58
174,1995,16,68
174,1996,15,96
174,1997,16,88
174,1998,16,53
174,1999,15,66
174,2000,15,77
174,2001,15,74
174,2002,15,77
174,2003,16,79
174,2004,15,54
174,2005,15,45
174,2006,16,81
174,2007,15,53
174,2008,15,67
174,2009,16,73
174,2010,15,109
174,2011,16,68
174,2012,16,61
174,2013,15,78
174,2014,16,81
174,2015,16,45
174,2016,16,77
179,1991,27,6
179,1992,26,6
179,1993,27,9
179,1994,28,3
179,1995,27,9
179,1996,28,8
179,1997,27,9
179,1998,28,6
179,1999,29,6
179,2000,28,5
179,2001,28,1
179,2002,28,5
179,2003,28,5
179,2004,28,6
179,2005,28,5
179,2006,28,6
179,2007,28,3
179,2008,28,3
179,2009,28,8
179,2010,29,3
179,2011,28,4
179,2012,28,3
179,2013,28,3
179,2014,28,6
179,2015,29,4
179,2016,29,2
146,1991,10,49
146,1992,10,38
146,1993,9,44
146,1994,11,32
146,1995,10,51
146,1996,9,50
146,1997,9,52
146,1998,10,45
146,1999,11,41
146,2000,11,36
146,2001,10,48
146,2002,11,44
146,2003,10,36
146,2004,10,47
146,2005,10,49
146,2006,10,42
146,2007,12,40
146,2008,11,42
146,2009,11,38
146,2010,11,55
146,2011,10,33
146,2012,11,44
146,2013,11,45
146,2014,11,48
146,2015,12,36
146,2016,11,46
183,1991,9,61
183,1992,9,44
183,1993,9,49
183,1994,10,46
183,1995,9,60
183,1996,8,55
183,1997,9,61
183,1998,9,61
183,1999,10,61
183,2000,10,37
183,2001,10,59
183,2002,10,51
183,2003,9,44
183,2004,9,61
183,2005,9,67
183,2006,9,56
183,2007,11,60
183,2008,10,53
183,2009,10,54
183,2010,10,70
183,2011,10,40
183,2012,10,51
183,2013,10,56
183,2014,11,65
183,2015,11,52
183,2016,10,62
185,1991,-5,35
185,1992,-6,35
185,1993,-6,35
185,1994,-6,36
185,1995,-4,37
185,1996,-6,35
185,1997,-5,37
185,1998,-6,37
185,1999,-6,35
185,2000,-6,37
185,2001,-6,37
185,2002,-5,37
185,2003,-5,36
185,2004,-6,38
185,2005,-5,36
185,2006,-6,37
185,2007,-4,39
185,2008,-5,39
185,2009,-6,37
185,2010,-6,38
185,2011,-4,37
185,2012,-5,38
185,2013,-5,39
185,2014,-5,37
185,2015,-4,38
185,2016,-4,37
184,1991,20,97
184,1992,20,92
184,1993,20,91
184,1994,19,105
184,1995,20,99
184,1996,20,96
184,1997,20,105
184,1998,20,106
184,1999,20,90
184,2000,20,89
184,2001,20,118
184,2002,21,101
184,2003,21,104
184,2004,20,85
184,2005,21,83
184,2006,20,109
184,2007,20,120
184,2008,20,91
184,2009,21,104
184,2010,20,109
184,2011,20,147
184,2012,20,81
184,2013,20,104
184,2014,20,103
184,2015,20,117
184,2016,20,116
244,1991,27,271
244,1992,27,272
244,1993,27,257
244,1994,27,296
244,1995,27,257
244,1996,28,299
244,1997,28,237
244,1998,28,129
244,1999,27,249
244,2000,28,268
244,2001,28,224
244,2002,28,255
244,2003,28,253
244,2004,28,198
244,2005,28,301
244,2006,28,320
244,2007,28,304
244,2008,28,250
244,2009,28,269
244,2010,28,267
244,2011,27,228
244,2012,27,252
244,2013,28,265
244,2014,27,259
244,2015,27,307
244,2016,28,223
193,1991,24,171
193,1992,23,132
193,1993,24,161
193,1994,24,165
193,1995,24,183
193,1996,24,193
193,1997,24,186
193,1998,24,203
193,1999,24,226
193,2000,24,207
193,2001,24,190
193,2002,24,224
193,2003,24,175
193,2004,24,159
193,2005,24,126
193,2006,24,140
193,2007,24,247
193,2008,24,193
193,2009,24,171
193,2010,24,149
193,2011,24,156
193,2012,24,237
193,2013,24,165
193,2014,24,159
193,2015,24,138
193,2016,24,155
194,1991,25,6
194,1992,24,7
194,1993,25,10
194,1994,25,5
194,1995,25,8
194,1996,25,8
194,1997,25,7
194,1998,26,7
194,1999,26,5
194,2000,25,5
194,2001,26,5
194,2002,26,7
194,2003,26,5
194,2004,26,5
194,2005,25,5
194,2006,26,6
194,2007,26,6
194,2008,26,4
194,2009,26,4
194,2010,27,5
194,2011,26,5
194,2012,26,6
194,2013,25,6
194,2014,26,6
194,2015,26,5
194,2016,26,5
195,1991,28,50
195,1992,28,51
195,1993,28,53
195,1994,28,65
195,1995,28,58
195,1996,29,52
195,1997,29,54
195,1998,29,55
195,1999,28,73
195,2000,28,61
195,2001,29,52
195,2002,29,40
195,2003,29,70
195,2004,29,55
195,2005,29,74
195,2006,29,57
195,2007,29,54
195,2008,29,69
195,2009,28,67
195,2010,29,77
195,2011,29,55
195,2012,29,70
195,2013,29,64
195,2014,29,54
195,2015,29,60
195,2016,29,61
272,1991,10,68
272,1992,11,52
272,1993,10,50
272,1994,12,54
272,1995,10,70
272,1996,10,68
272,1997,10,59
272,1998,11,64
272,1999,11,74
272,2000,12,39
272,2001,11,66
272,2002,12,61
272,2003,11,54
272,2004,11,71
272,2005,10,76
272,2006,11,63
272,2007,12,68
272,2008,12,59
272,2009,12,69
272,2010,11,83
272,2011,11,43
272,2012,12,55
272,2013,12,63
272,2014,12,81
272,2015,12,60
272,2016,12,73
196,1991,27,157
196,1992,27,168
196,1993,27,128
196,1994,27,170
196,1995,27,143
196,1996,27,139
196,1997,27,139
196,1998,28,118
196,1999,27,129
196,2000,27,138
196,2001,27,132
196,2002,27,158
196,2003,27,157
196,2004,27,133
196,2005,27,128
196,2006,27,126
196,2007,28,112
196,2008,27,120
196,2009,28,134
196,2010,28,126
196,2011,28,117
196,2012,28,113
196,2013,28,134
196,2014,28,143
196,2015,28,146
196,2016,28,127
197,1991,26,181
197,1992,26,219
197,1993,26,194
197,1994,26,209
197,1995,26,214
197,1996,26,199
197,1997,26,190
197,1998,27,214
197,1999,26,220
197,2000,26,208
197,2001,26,196
197,2002,27,196
197,2003,27,201
197,2004,27,213
197,2005,27,179
197,2006,27,195
197,2007,27,210
197,2008,26,193
197,2009,26,192
197,2010,27,237
197,2011,27,202
197,2012,26,202
197,2013,27,207
197,2014,26,187
197,2015,27,217
197,2016,27,211
200,1991,28,203
200,1992,27,211
200,1993,27,222
200,1994,28,192
200,1995,28,256
200,1996,28,226
200,1997,28,130
200,1998,28,199
200,1999,28,201
200,2000,28,221
200,2001,28,233
200,2002,28,179
200,2003,28,238
200,2004,28,205
200,2005,28,195
200,2006,28,227
200,2007,28,244
200,2008,28,231
200,2009,28,196
200,2010,28,216
200,2011,28,237
200,2012,28,217
200,2013,28,244
200,2014,28,171
200,2015,28,154
200,2016,28,204
199,1991,7,61
199,1992,8,54
199,1993,8,52
199,1994,9,61
199,1995,8,65
199,1996,7,66
199,1997,8,60
199,1998,8,68
199,1999,8,70
199,2000,9,58
199,2001,8,67
199,2002,9,66
199,2003,8,49
199,2004,8,66
199,2005,8,69
199,2006,8,59
199,2007,9,67
199,2008,9,63
199,2009,9,70
199,2010,8,92
199,2011,9,50
199,2012,9,55
199,2013,9,65
199,2014,10,72
199,2015,10,56
199,2016,9,75
198,1991,9,108
198,1992,10,111
198,1993,9,106
198,1994,10,109
198,1995,9,120
198,1996,8,124
198,1997,9,102
198,1998,10,117
198,1999,10,115
198,2000,10,110
198,2001,10,98
198,2002,10,117
198,2003,10,84
198,2004,9,120
198,2005,9,112
198,2006,10,96
198,2007,10,105
198,2008,10,113
198,2009,10,117
198,2010,9,127
198,2011,10,81
198,2012,10,106
198,2013,10,124
198,2014,11,143
198,2015,10,113
198,2016,10,132
25,1991,26,236
25,1992,26,253
25,1993,26,252
25,1994,26,253
25,1995,26,252
25,1996,26,253
25,1997,26,253
25,1998,26,253
25,1999,26,253
25,2000,26,253
25,2001,26,253
25,2002,26,253
25,2003,26,253
25,2004,26,252
25,2005,26,253
25,2006,26,253
25,2007,26,253
25,2008,26,253
25,2009,26,253
25,2010,26,253
25,2011,26,253
25,2012,26,253
25,2013,26,253
25,2014,26,253
25,2015,26,253
25,2016,26,253
201,1991,27,17
201,1992,27,17
201,1993,27,20
201,1994,27,24
201,1995,27,22
201,1996,27,16
201,1997,27,33
201,1998,27,21
201,1999,27,20
201,2000,27,22
201,2001,27,18
201,2002,27,24
201,2003,27,24
201,2004,27,25
201,2005,27,22
201,2006,27,25
201,2007,27,26
201,2008,27,22
201,2009,28,22
201,2010,27,20
201,2011,27,26
201,2012,27,21
201,2013,27,28
201,2014,28,22
201,2015,28,27
201,2016,28,27
202,1991,18,42
202,1992,18,26
202,1993,18,37
202,1994,18,32
202,1995,18,42
202,1996,17,47
202,1997,18,41
202,1998,18,41
202,1999,19,36
202,2000,18,52
202,2001,18,45
202,2002,18,34
202,2003,18,30
202,2004,18,39
202,2005,19,32
202,2006,18,48
202,2007,18,35
202,2008,18,36
202,2009,18,40
202,2010,19,40
202,2011,18,46
202,2012,18,38
202,2013,18,34
202,2014,18,38
202,2015,19,28
202,2016,19,34
117,1991,11,117
117,1992,11,98
117,1993,11,125
117,1994,12,77
117,1995,11,92
117,1996,11,100
117,1997,12,114
117,1998,12,149
117,1999,12,146
117,2000,11,110
117,2001,12,98
117,2002,12,118
117,2003,11,173
117,2004,12,130
117,2005,11,112
117,2006,11,125
117,2007,12,118
117,2008,12,102
117,2009,12,112
117,2010,11,129
117,2011,11,126
117,2012,11,136
117,2013,12,103
117,2014,12,105
117,2015,12,90
117,2016,12,112
277,1991,27,94
277,1992,27,79
277,1993,27,84
277,1994,27,80
277,1995,27,84
277,1996,27,85
277,1997,28,82
277,1998,28,79
277,1999,27,88
277,2000,28,83
277,2001,28,81
277,2002,28,86
277,2003,28,89
277,2004,28,77
277,2005,28,74
277,2006,28,94
277,2007,28,95
277,2008,28,91
277,2009,29,69
277,2010,29,85
277,2011,28,81
277,2012,28,85
277,2013,28,86
277,2014,28,88
277,2015,28,80
277,2016,28,83
203,1991,13,44
203,1992,13,45
203,1993,13,47
203,1994,14,42
203,1995,14,44
203,1996,13,66
203,1997,14,65
203,1998,14,40
203,1999,14,48
203,2000,14,52
203,2001,14,48
203,2002,14,57
203,2003,14,58
203,2004,14,47
203,2005,14,37
203,2006,14,51
203,2007,14,46
203,2008,14,54
203,2009,14,49
203,2010,14,65
203,2011,14,43
203,2012,14,43
203,2013,14,56
203,2014,15,52
203,2015,14,39
203,2016,14,52
38,1991,27,137
38,1992,27,119
38,1993,27,147
38,1994,27,152
38,1995,27,130
38,1996,27,145
38,1997,27,160
38,1998,28,122
38,1999,27,146
38,2000,27,140
38,2001,27,120
38,2002,27,142
38,2003,27,134
38,2004,27,159
38,2005,27,139
38,2006,27,176
38,2007,27,131
38,2008,27,165
38,2009,27,136
38,2010,28,142
38,2011,27,130
38,2012,28,142
38,2013,27,122
38,2014,27,153
38,2015,27,176
38,2016,28,100
188,1991,25,158
188,1992,25,229
188,1993,25,192
188,1994,25,129
188,1995,25,170
188,1996,25,197
188,1997,25,178
188,1998,25,231
188,1999,25,209
188,2000,25,147
188,2001,25,182
188,2002,25,195
188,2003,25,212
188,2004,25,239
188,2005,25,254
188,2006,25,259
188,2007,25,187
188,2008,25,248
188,2009,25,155
188,2010,26,243
188,2011,25,240
188,2012,25,186
188,2013,25,186
188,2014,25,212
188,2015,26,107
188,2016,26,196
189,1991,26,207
189,1992,26,243
189,1993,26,207
189,1994,26,170
189,1995,26,220
189,1996,26,235
189,1997,26,162
189,1998,27,241
189,1999,26,183
189,2000,26,190
189,2001,26,165
189,2002,26,168
189,2003,26,171
189,2004,26,277
189,2005,27,251
189,2006,26,187
189,2007,26,182
189,2008,26,211
189,2009,27,176
189,2010,27,250
189,2011,26,281
189,2012,26,205
189,2013,27,206
189,2014,26,178
189,2015,27,152
189,2016,27,237
191,1991,27,131
191,1992,27,155
191,1993,27,136
191,1994,27,123
191,1995,27,143
191,1996,27,152
191,1997,27,116
191,1998,28,163
191,1999,27,134
191,2000,27,134
191,2001,27,110
191,2002,27,117
191,2003,27,114
191,2004,27,173
191,2005,28,162
191,2006,28,131
191,2007,27,126
191,2008,27,140
191,2009,28,114
191,2010,28,170
191,2011,28,178
191,2012,28,128
191,2013,28,134
191,2014,27,122
191,2015,28,93
191,2016,28,150
276,1991,27,18
276,1992,27,20
276,1993,28,19
276,1994,27,25
276,1995,27,20
276,1996,28,17
276,1997,28,19
276,1998,28,24
276,1999,28,25
276,2000,27,20
276,2001,28,19
276,2002,28,18
276,2003,28,23
276,2004,28,16
276,2005,28,22
276,2006,28,22
276,2007,28,27
276,2008,28,19
276,2009,28,15
276,2010,29,22
276,2011,28,18
276,2012,28,22
276,2013,28,22
276,2014,28,25
276,2015,28,19
276,2016,28,21
207,1991,26,185
207,1992,26,161
207,1993,25,207
207,1994,26,205
207,1995,26,163
207,1996,26,217
207,1997,26,174
207,1998,27,166
207,1999,26,192
207,2000,26,235
207,2001,26,155
207,2002,26,188
207,2003,26,156
207,2004,26,185
207,2005,27,219
207,2006,26,205
207,2007,26,224
207,2008,26,215
207,2009,26,167
207,2010,27,194
207,2011,26,209
207,2012,26,191
207,2013,26,220
207,2014,26,173
207,2015,26,199
207,2016,26,183
209,1991,20,61
209,1992,21,44
209,1993,21,66
209,1994,20,53
209,1995,20,64
209,1996,20,77
209,1997,20,78
209,1998,21,78
209,1999,20,76
209,2000,20,126
209,2001,20,73
209,2002,20,45
209,2003,21,52
209,2004,21,72
209,2005,21,50
209,2006,20,81
209,2007,21,52
209,2008,21,63
209,2009,20,70
209,2010,21,54
209,2011,20,67
209,2012,21,74
209,2013,21,61
209,2014,21,69
209,2015,21,50
209,2016,21,61
210,1991,2,52
210,1992,3,57
210,1993,2,57
210,1994,2,48
210,1995,2,54
210,1996,1,49
210,1997,3,51
210,1998,2,66
210,1999,2,58
210,2000,3,70
210,2001,2,62
210,2002,3,50
210,2003,3,49
210,2004,3,56
210,2005,3,55
210,2006,3,56
210,2007,3,58
210,2008,3,59
210,2009,3,56
210,2010,1,54
210,2011,3,59
210,2012,2,62
210,2013,3,51
210,2014,4,52
210,2015,3,61
210,2016,3,55
211,1991,6,110
211,1992,7,130
211,1993,6,130
211,1994,7,135
211,1995,6,142
211,1996,6,125
211,1997,7,117
211,1998,7,118
211,1999,7,158
211,2000,7,134
211,2001,7,142
211,2002,7,152
211,2003,7,96
211,2004,6,116
211,2005,6,107
211,2006,7,129
211,2007,7,132
211,2008,7,135
211,2009,7,121
211,2010,6,122
211,2011,7,109
211,2012,7,136
211,2013,6,137
211,2014,8,132
211,2015,8,104
211,2016,7,137
358,1991,18,27
358,1992,17,25
358,1993,18,22
358,1994,19,29
358,1995,18,16
358,1996,19,30
358,1997,17,26
358,1998,19,21
358,1999,19,13
358,2000,18,22
358,2001,19,26
358,2002,18,24
358,2003,18,30
358,2004,18,24
358,2005,18,20
358,2006,18,23
358,2007,19,20
358,2008,19,15
358,2009,19,23
358,2010,20,17
358,2011,18,25
358,2012,19,31
358,2013,19,21
358,2014,19,20
358,2015,19,23
358,2016,19,22
208,1991,3,50
208,1992,3,41
208,1993,3,52
208,1994,3,40
208,1995,3,33
208,1996,3,40
208,1997,4,36
208,1998,4,57
208,1999,4,47
208,2000,4,36
208,2001,5,33
208,2002,4,49
208,2003,4,57
208,2004,5,49
208,2005,4,43
208,2006,5,43
208,2007,5,37
208,2008,4,36
208,2009,4,49
208,2010,4,44
208,2011,4,42
208,2012,3,44
208,2013,5,39
208,2014,4,42
208,2015,4,48
208,2016,5,50
215,1991,23,89
215,1992,23,80
215,1993,23,72
215,1994,23,84
215,1995,23,79
215,1996,23,79
215,1997,23,96
215,1998,23,84
215,1999,23,82
215,2000,23,75
215,2001,23,78
215,2002,23,96
215,2003,23,64
215,2004,23,86
215,2005,23,63
215,2006,23,100
215,2007,23,77
215,2008,23,79
215,2009,23,81
215,2010,23,74
215,2011,23,87
215,2012,23,66
215,2013,23,83
215,2014,23,84
215,2015,23,83
215,2016,23,95
216,1991,27,116
216,1992,27,112
216,1993,27,108
216,1994,27,137
216,1995,27,136
216,1996,26,144
216,1997,27,113
216,1998,27,121
216,1999,26,145
216,2000,26,144
216,2001,27,130
216,2002,27,135
216,2003,27,125
216,2004,27,118
216,2005,27,128
216,2006,26,138
216,2007,26,136
216,2008,26,140
216,2009,26,134
216,2010,27,134
216,2011,26,164
216,2012,27,126
216,2013,27,140
216,2014,27,118
216,2015,27,112
216,2016,27,132
176,1991,25,107
176,1992,26,139
176,1993,26,99
176,1994,25,144
176,1995,25,185
176,1996,25,151
176,1997,25,127
176,1998,26,137
176,1999,25,127
176,2000,25,139
176,2001,25,101
176,2002,26,110
176,2003,26,137
176,2004,25,132
176,2005,26,92
176,2006,25,119
176,2007,25,115
176,2008,25,124
176,2009,26,106
176,2010,26,152
176,2011,25,177
176,2012,25,136
176,2013,26,177
176,2014,25,129
176,2015,26,119
176,2016,26,114
217,1991,27,112
217,1992,27,81
217,1993,27,90
217,1994,27,96
217,1995,27,106
217,1996,27,94
217,1997,27,96
217,1998,28,94
217,1999,27,111
217,2000,27,88
217,2001,27,75
217,2002,27,97
217,2003,28,109
217,2004,27,97
217,2005,28,91
217,2006,28,90
217,2007,27,109
217,2008,27,112
217,2009,28,106
217,2010,28,111
217,2011,28,96
217,2012,27,97
217,2013,28,87
217,2014,28,101
217,2015,28,83
217,2016,28,93
219,1991,24,126
219,1992,24,101
219,1993,24,116
219,1994,24,129
219,1995,25,111
219,1996,25,157
219,1997,25,137
219,1998,25,111
219,1999,25,185
219,2000,25,200
219,2001,25,144
219,2002,25,149
219,2003,25,109
219,2004,25,137
219,2005,25,117
219,2006,25,131
219,2007,25,141
219,2008,25,147
219,2009,25,134
219,2010,25,144
219,2011,25,178
219,2012,25,134
219,2013,25,141
219,2014,25,139
219,2015,25,121
219,2016,25,155
220,1991,26,129
220,1992,26,131
220,1993,26,143
220,1994,26,133
220,1995,27,123
220,1996,26,139
220,1997,26,128
220,1998,27,156
220,1999,26,159
220,2000,26,147
220,2001,26,101
220,2002,26,133
220,2003,27,109
220,2004,26,148
220,2005,27,153
220,2006,27,146
220,2007,26,129
220,2008,26,127
220,2009,27,113
220,2010,27,154
220,2011,27,156
220,2012,26,123
220,2013,27,131
220,2014,27,117
220,2015,27,100
220,2016,27,136
222,1991,19,21
222,1992,19,28
222,1993,20,16
222,1994,21,21
222,1995,20,26
222,1996,20,25
222,1997,20,25
222,1998,20,19
222,1999,21,23
222,2000,20,15
222,2001,21,18
222,2002,21,19
222,2003,21,33
222,2004,20,22
222,2005,20,21
222,2006,21,27
222,2007,20,24
222,2008,21,16
222,2009,20,26
222,2010,21,21
222,2011,20,26
222,2012,21,17
222,2013,21,23
222,2014,21,19
222,2015,21,24
222,2016,21,20
223,1991,11,49
223,1992,10,44
223,1993,11,42
223,1994,12,48
223,1995,11,47
223,1996,12,51
223,1997,11,50
223,1998,12,52
223,1999,12,40
223,2000,11,44
223,2001,12,49
223,2002,11,48
223,2003,11,51
223,2004,11,44
223,2005,12,47
223,2006,12,46
223,2007,12,43
223,2008,12,36
223,2009,12,57
223,2010,13,51
223,2011,11,50
223,2012,12,56
223,2013,12,41
223,2014,13,50
223,2015,12,51
223,2016,12,51
213,1991,15,14
213,1992,15,17
213,1993,15,15
213,1994,15,13
213,1995,16,9
213,1996,15,9
213,1997,16,11
213,1998,16,11
213,1999,17,10
213,2000,16,10
213,2001,17,10
213,2002,16,15
213,2003,16,17
213,2004,16,15
213,2005,16,14
213,2006,16,13
213,2007,16,13
213,2008,16,8
213,2009,16,15
213,2010,17,11
213,2011,16,13
213,2012,16,13
213,2013,17,12
213,2014,16,11
213,2015,16,15
213,2016,17,15
227,1991,29,294
227,1992,28,281
227,1993,28,315
227,1994,28,247
227,1995,28,280
227,1996,28,237
227,1997,29,288
227,1998,28,313
227,1999,28,180
227,2000,29,174
227,2001,29,194
227,2002,29,264
227,2003,28,266
227,2004,29,259
227,2005,29,270
227,2006,29,254
227,2007,29,252
227,2008,29,227
227,2009,29,236
227,2010,29,251
227,2011,28,262
227,2012,28,262
227,2013,28,262
227,2014,28,262
227,2015,28,301
227,2016,29,277
226,1991,23,102
226,1992,23,93
226,1993,23,89
226,1994,23,109
226,1995,23,101
226,1996,23,109
226,1997,23,108
226,1998,23,101
226,1999,23,105
226,2000,23,95
226,2001,24,102
226,2002,24,104
226,2003,24,98
226,2004,24,94
226,2005,24,75
226,2006,24,112
226,2007,24,127
226,2008,24,103
226,2009,24,99
226,2010,24,119
226,2011,24,111
226,2012,23,125
226,2013,23,135
226,2014,23,100
226,2015,24,115
226,2016,24,115
230,1991,8,44
230,1992,9,46
230,1993,8,44
230,1994,9,40
230,1995,9,50
230,1996,8,48
230,1997,8,56
230,1998,9,51
230,1999,10,46
230,2000,9,44
230,2001,9,53
230,2002,9,45
230,2003,8,44
230,2004,9,54
230,2005,9,50
230,2006,9,47
230,2007,10,45
230,2008,10,46
230,2009,10,48
230,2010,9,56
230,2011,9,38
230,2012,10,47
230,2013,10,48
230,2014,10,43
230,2015,10,41
230,2016,10,54
225,1991,27,5
225,1992,26,8
225,1993,27,9
225,1994,27,3
225,1995,27,8
225,1996,27,8
225,1997,27,10
225,1998,28,5
225,1999,28,5
225,2000,28,3
225,2001,28,1
225,2002,28,2
225,2003,28,3
225,2004,28,3
225,2005,27,4
225,2006,28,6
225,2007,28,4
225,2008,27,2
225,2009,28,7
225,2010,28,2
225,2011,28,2
225,2012,28,2
225,2013,28,5
225,2014,28,9
225,2015,28,4
225,2016,28,4
229,1991,9,92
229,1992,9,109
229,1993,8,105
229,1994,9,111
229,1995,9,97
229,1996,8,85
229,1997,9,95
229,1998,9,116
229,1999,9,112
229,2000,9,120
229,2001,9,94
229,2002,9,120
229,2003,9,80
229,2004,9,104
229,2005,9,96
229,2006,10,100
229,2007,10,102
229,2008,9,113
229,2009,9,110
229,2010,8,90
229,2011,9,100
229,2012,9,119
229,2013,9,98
229,2014,10,116
229,2015,9,110
229,2016,9,102
231,1991,8,57
231,1992,7,56
231,1993,7,59
231,1994,7,56
231,1995,7,57
231,1996,7,58
231,1997,7,56
231,1998,8,60
231,1999,7,52
231,2000,7,52
231,2001,8,53
231,2002,8,52
231,2003,8,55
231,2004,8,58
231,2005,8,55
231,2006,8,54
231,2007,8,52
231,2008,7,56
231,2009,7,56
231,2010,8,55
231,2011,8,56
231,2012,8,52
231,2013,7,58
231,2014,8,57
231,2015,8,63
231,2016,9,57
234,1991,18,113
234,1992,18,110
234,1993,18,123
234,1994,18,101
234,1995,18,92
234,1996,18,92
234,1997,18,111
234,1998,17,118
234,1999,18,89
234,2000,18,122
234,2001,18,135
234,2002,18,161
234,2003,18,128
234,2004,18,92
234,2005,18,116
234,2006,18,100
234,2007,17,122
234,2008,18,73
234,2009,18,105
234,2010,18,108
234,2011,18,96
234,2012,18,116
234,2013,18,95
234,2014,18,145
234,2015,18,107
234,2016,18,107
235,1991,13,19
235,1992,12,20
235,1993,12,22
235,1994,12,18
235,1995,14,11
235,1996,12,11
235,1997,13,18
235,1998,13,21
235,1999,14,16
235,2000,13,13
235,2001,14,14
235,2002,14,21
235,2003,13,24
235,2004,14,19
235,2005,14,17
235,2006,13,16
235,2007,14,16
235,2008,13,13
235,2009,13,20
235,2010,14,15
235,2011,13,16
235,2012,13,16
235,2013,14,18
235,2014,12,17
235,2015,14,21
235,2016,14,22
155,1991,24,218
155,1992,24,165
155,1993,24,102
155,1994,24,191
155,1995,24,142
155,1996,24,171
155,1997,24,179
155,1998,25,218
155,1999,24,242
155,2000,24,228
155,2001,24,242
155,2002,24,236
155,2003,24,233
155,2004,24,151
155,2005,24,231
155,2006,24,237
155,2007,24,253
155,2008,24,236
155,2009,24,191
155,2010,25,212
155,2011,24,245
155,2012,24,239
155,2013,24,234
155,2014,24,226
155,2015,24,231
155,2016,25,235
236,1991,25,148
236,1992,25,138
236,1993,25,167
236,1994,25,163
236,1995,26,166
236,1996,26,179
236,1997,26,146
236,1998,26,191
236,1999,25,200
236,2000,25,170
236,2001,26,131
236,2002,26,156
236,2003,26,169
236,2004,26,174
236,2005,26,184
236,2006,26,169
236,2007,26,175
236,2008,26,179
236,2009,26,128
236,2010,26,200
236,2011,26,181
236,2012,26,153
236,2013,26,158
236,2014,26,134
236,2015,26,135
236,2016,26,154
359,1991,25,137
359,1992,24,136
359,1993,24,127
359,1994,25,172
359,1995,24,147
359,1996,24,165
359,1997,25,148
359,1998,25,149
359,1999,24,176
359,2000,24,148
359,2001,25,176
359,2002,25,169
359,2003,25,130
359,2004,25,130
359,2005,25,158
359,2006,25,153
359,2007,24,167
359,2008,24,164
359,2009,25,138
359,2010,25,133
359,2011,24,167
359,2012,25,179
359,2013,25,178
359,2014,25,138
359,2015,25,144
359,2016,25,166
249,1991,24,11
249,1992,23,17
249,1993,24,14
249,1994,24,15
249,1995,24,16
249,1996,24,13
249,1997,24,15
249,1998,24,13
249,1999,24,16
249,2000,24,15
249,2001,24,14
249,2002,24,15
249,2003,24,14
249,2004,24,15
249,2005,24,13
249,2006,24,13
249,2007,24,21
249,2008,24,14
249,2009,24,13
249,2010,24,13
249,2011,24,15
249,2012,24,13
249,2013,24,13
249,2014,24,14
249,2015,25,13
249,2016,24,14
251,1991,22,80
251,1992,22,64
251,1993,22,80
251,1994,22,64
251,1995,23,64
251,1996,22,77
251,1997,23,86
251,1998,23,77
251,1999,22,65
251,2000,22,88
251,2001,23,89
251,2002,23,75
251,2003,23,83
251,2004,22,92
251,2005,23,66
251,2006,22,86
251,2007,23,76
251,2008,22,85
251,2009,23,88
251,2010,23,85
251,2011,22,80
251,2012,22,94
251,2013,22,82
251,2014,22,83
251,2015,23,66
251,2016,23,67
181,1991,22,44
181,1992,23,38
181,1993,22,56
181,1994,22,39
181,1995,22,38
181,1996,22,58
181,1997,22,66
181,1998,22,56
181,1999,22,57
181,2000,22,74
181,2001,22,73
181,2002,22,36
181,2003,22,50
181,2004,22,62
181,2005,23,48
181,2006,22,60
181,2007,22,56
181,2008,22,47
181,2009,22,54
181,2010,22,57
181,2011,22,63
181,2012,22,45
181,2013,22,51
181,2014,22,51
181,2015,22,33
181,2016,22,38
