,Area Code,Year,Life expectancy at birth (Both),Life expectancy at birth (Male),Life expectancy at birth (Female),Life expectancy at age 60 (Both),Life expectancy at age 60 (Male),Life expectancy at age 60 (Female),Healthy life expectancy at birth (Both),Healthy life expectancy at birth (Male),Healthy life expectancy at birth (Female),Healthy life expectancy at age 60 (Both),Healthy life expectancy at age 60 (Male),Healthy life expectancy at age 60 (Female)
0,2,2019,63.2,63.3,63.2,15.2,15.4,15.1,53.9,54.7,53.2,10.8,11.2,10.6
1,2,2015,61.7,61.0,62.3,15.6,15.7,15.5,52.6,52.8,52.4,11.2,11.5,10.9
2,2,2010,59.9,59.6,60.3,15.1,15.1,15.2,51.1,51.5,50.7,10.9,11.1,10.7
3,2,2000,55.0,54.6,55.4,13.9,13.6,14.2,46.8,46.9,46.6,10.2,10.2,10.1
4,3,2019,78.0,76.3,79.9,21.0,20.2,21.9,69.1,68.0,70.3,16.6,15.9,17.3
5,3,2015,77.8,76.1,79.7,21.1,20.1,22.2,69.0,68.0,70.1,16.7,15.9,17.5
6,3,2010,76.2,74.2,78.3,21.3,19.9,22.6,67.6,66.3,68.9,16.7,15.7,17.7
7,3,2000,73.5,70.7,76.9,19.0,17.1,21.2,65.2,63.1,67.7,15.0,13.5,16.7
8,4,2019,77.1,76.2,78.1,22.0,21.5,22.6,66.4,66.7,66.1,16.0,15.9,16.2
9,4,2015,76.5,75.6,77.5,21.8,21.3,22.3,66.0,66.3,65.7,15.9,15.8,16.0
10,4,2010,75.9,75.0,76.8,21.4,20.9,21.9,65.5,65.9,65.2,15.6,15.5,15.7
11,4,2000,72.2,70.9,73.5,19.8,19.4,20.3,62.7,62.6,62.8,14.6,14.6,14.7
12,7,2019,63.1,60.7,65.5,17.0,15.4,18.6,54.8,53.6,56.2,12.6,11.6,13.7
13,7,2015,61.7,59.1,64.5,16.7,15.0,18.4,53.7,52.2,55.3,12.4,11.3,13.6
14,7,2010,58.1,55.8,60.5,16.0,14.4,17.5,50.6,49.3,52.0,11.9,10.8,12.9
15,7,2000,49.3,46.8,52.1,14.4,12.8,16.0,42.9,41.2,44.7,10.7,9.7,11.8
16,8,2019,76.5,74.9,78.0,20.6,19.8,21.3,67.0,66.2,67.7,15.8,15.3,16.3
17,8,2015,76.1,74.4,77.8,20.4,19.6,21.2,66.8,65.9,67.7,15.8,15.1,16.3
18,8,2010,75.9,73.6,78.2,20.5,19.1,21.8,66.7,65.3,68.1,15.8,14.8,16.8
19,8,2000,74.6,72.0,77.0,20.3,19.1,21.3,65.5,63.9,67.0,15.7,14.9,16.5
20,9,2019,76.6,73.5,79.5,21.1,18.8,23.1,67.1,65.4,68.8,16.3,14.8,17.6
21,9,2015,76.2,72.9,79.3,21.0,18.6,23.0,66.9,64.9,68.7,16.2,14.7,17.6
22,9,2010,75.4,72.1,78.6,20.6,18.3,22.7,66.3,64.4,68.2,16.0,14.4,17.4
23,9,2000,74.1,70.3,77.8,20.2,17.6,22.5,65.1,62.8,67.5,15.6,13.9,17.2
24,1,2019,76.0,72.5,79.2,20.4,18.2,22.1,67.1,64.9,69.1,15.7,14.2,16.9
25,1,2015,74.5,70.9,77.8,19.4,17.3,21.2,66.0,63.7,68.1,15.0,13.6,16.2
26,1,2010,73.1,69.4,76.6,18.8,16.8,20.5,64.8,62.4,67.2,14.6,13.2,15.7
27,1,2000,71.9,68.6,74.9,18.8,17.1,20.2,63.5,61.2,65.6,14.5,13.3,15.5
28,10,2019,83.0,81.3,84.8,25.6,24.4,26.8,70.9,70.2,71.7,19.0,18.2,19.7
29,10,2015,82.3,80.4,84.2,25.0,23.7,26.3,70.6,69.7,71.4,18.6,17.9,19.4
30,10,2010,81.9,79.8,84.0,24.7,23.3,26.1,70.2,69.2,71.2,18.4,17.5,19.3
31,10,2000,79.7,77.1,82.2,23.1,21.2,24.9,68.6,67.2,70.0,17.3,16.1,18.4
32,11,2019,81.6,79.4,83.8,24.1,22.4,25.6,70.9,69.9,71.9,18.3,17.2,19.4
33,11,2015,81.0,78.6,83.3,23.6,21.8,25.2,70.4,69.2,71.6,17.9,16.6,19.1
34,11,2010,80.4,77.6,83.0,23.4,21.4,25.2,69.9,68.3,71.4,17.8,16.3,19.1
35,11,2000,78.2,75.1,81.0,22.0,19.7,23.7,68.2,66.3,69.8,16.7,15.1,18.0
36,52,2019,71.4,68.8,74.1,17.1,15.6,18.3,63.6,62.1,65.2,13.4,12.4,14.2
37,52,2015,70.7,67.9,73.4,16.6,15.1,17.9,63.1,61.5,64.7,13.1,12.1,13.9
38,52,2010,69.0,66.3,71.8,16.4,15.0,17.6,61.7,60.1,63.4,12.9,12.0,13.7
39,52,2000,65.5,62.6,68.5,16.6,15.1,17.9,58.5,56.6,60.4,13.1,12.1,13.9
40,12,2019,73.2,69.9,76.6,20.8,19.1,22.4,64.4,62.3,66.5,16.2,14.9,17.3
41,12,2015,72.9,69.7,76.1,20.9,19.3,22.3,64.2,62.2,66.2,16.2,15.1,17.2
42,12,2010,73.0,69.6,76.3,20.7,19.0,22.2,64.3,62.2,66.4,16.1,14.9,17.2
43,12,2000,70.9,67.6,74.2,19.9,18.3,21.4,62.7,60.6,64.8,15.6,14.4,16.6
44,13,2019,75.8,75.0,77.0,19.0,18.7,19.4,65.9,66.0,65.5,13.8,13.8,13.9
45,13,2015,76.5,75.9,77.3,19.7,19.4,20.0,66.2,66.6,65.6,14.2,14.2,14.2
46,13,2010,74.5,73.8,75.3,17.8,17.4,18.3,65.0,65.3,64.3,13.1,12.9,13.2
47,13,2000,70.5,69.5,71.8,15.0,14.5,15.6,61.9,62.0,61.6,11.1,10.9,11.4
48,16,2019,74.3,73.0,75.6,20.9,20.3,21.5,64.3,64.2,64.4,15.5,15.4,15.7
49,16,2015,73.6,72.5,74.8,20.9,20.5,21.4,63.8,63.8,63.7,15.5,15.5,15.6
50,16,2010,70.3,68.6,72.2,19.0,18.1,20.1,61.2,60.8,61.7,14.2,13.8,14.7
51,16,2000,65.6,64.1,67.4,17.8,17.1,18.7,57.0,56.6,57.6,13.3,13.0,13.6
52,14,2019,76.0,74.3,77.7,20.9,19.9,21.8,67.0,66.2,67.7,16.3,15.7,16.9
53,14,2015,76.2,75.0,77.4,21.4,21.0,21.7,67.2,66.8,67.5,16.8,16.6,16.9
54,14,2010,75.9,74.5,77.2,21.3,20.8,21.7,67.0,66.4,67.5,16.7,16.4,17.0
55,14,2000,74.5,72.1,76.7,20.7,19.7,21.5,66.0,64.6,67.2,16.4,15.6,16.9
56,57,2019,74.8,69.7,79.6,19.7,16.0,22.5,66.0,62.3,69.4,15.1,12.3,17.2
57,57,2015,73.8,68.6,78.8,19.2,15.7,21.9,65.1,61.2,68.7,14.7,11.9,16.7
58,57,2010,70.4,64.5,76.4,17.7,14.1,20.5,62.3,57.9,66.7,13.6,10.8,15.7
59,57,2000,68.8,63.3,74.6,17.2,14.1,19.4,60.8,56.6,65.2,13.1,10.7,14.9
60,255,2019,81.4,79.3,83.5,24.0,22.3,25.6,70.6,69.8,71.3,18.2,17.2,19.1
61,255,2015,80.7,78.5,82.9,23.6,21.8,25.2,70.0,69.1,70.8,17.9,16.8,18.8
62,255,2010,79.8,77.2,82.4,23.1,21.1,24.9,69.2,68.0,70.4,17.5,16.3,18.6
63,255,2000,77.7,74.5,80.7,21.6,19.3,23.7,67.8,66.1,69.5,16.6,15.0,17.9
64,23,2019,74.4,71.4,77.8,21.5,20.3,22.9,65.3,63.5,67.3,16.7,15.9,17.6
65,23,2015,74.0,71.1,77.3,21.5,20.4,22.8,65.1,63.3,67.0,16.7,16.0,17.5
66,23,2010,73.4,70.9,76.1,21.3,20.6,22.2,64.6,63.1,66.1,16.6,16.1,17.1
67,23,2000,70.3,67.2,74.0,18.7,17.0,20.7,62.3,60.3,64.6,14.7,13.5,16.1
68,53,2019,63.4,61.2,65.7,17.4,16.1,18.5,55.5,54.5,56.6,13.0,12.3,13.7
69,53,2015,62.0,59.7,64.2,17.0,15.6,18.2,54.3,53.2,55.4,12.7,11.9,13.4
70,53,2010,60.5,58.0,62.9,16.7,15.2,18.0,53.0,51.7,54.2,12.5,11.6,13.3
71,53,2000,56.6,54.3,58.8,16.1,14.5,17.4,49.6,48.4,50.7,12.1,11.1,12.9
72,18,2019,73.1,72.0,74.4,19.4,18.9,19.9,63.4,63.2,63.5,14.5,14.3,14.7
73,18,2015,72.2,71.1,73.5,19.2,18.7,19.7,62.6,62.5,62.7,14.4,14.3,14.5
74,18,2010,71.0,69.9,72.3,18.9,18.4,19.5,61.7,61.5,61.8,14.2,14.1,14.4
75,18,2000,65.7,64.9,66.6,17.9,17.7,18.2,57.1,57.2,56.9,13.5,13.6,13.4
76,382,2019,72.1,71.1,73.1,18.6,18.0,19.1,63.3,63.2,63.3,14.2,14.0,14.4
77,382,2015,71.5,70.6,72.5,18.5,18.1,18.9,62.7,62.7,62.7,14.1,14.0,14.3
78,382,2010,70.3,69.4,71.2,18.5,18.2,18.9,61.7,61.7,61.7,14.2,14.1,14.2
79,382,2000,66.0,64.8,67.2,17.8,17.2,18.4,57.9,57.6,58.2,13.6,13.3,13.8
80,80,2019,76.8,74.4,79.1,20.2,18.6,21.6,67.2,65.7,68.7,15.2,14.1,16.2
81,80,2015,76.3,73.9,78.6,19.8,18.3,21.3,67.0,65.4,68.5,15.0,13.9,16.1
82,80,2010,76.2,73.8,78.5,19.7,18.2,21.0,67.0,65.4,68.5,15.1,13.9,16.1
83,80,2000,75.4,72.6,78.0,19.6,17.7,21.1,66.2,64.2,68.0,15.0,13.6,16.1
84,20,2019,62.2,58.9,65.5,16.2,14.2,18.0,53.9,51.9,55.8,11.8,10.3,13.1
85,20,2015,60.9,57.8,63.9,15.9,13.9,17.6,52.8,50.9,54.6,11.6,10.1,12.8
86,20,2010,58.1,55.1,61.4,15.3,13.1,17.3,50.6,48.7,52.5,11.2,9.5,12.7
87,20,2000,45.6,43.9,47.8,12.9,10.4,15.8,40.1,39.2,41.4,9.4,7.6,11.6
88,21,2019,75.9,72.4,79.4,21.9,20.1,23.5,65.4,63.4,67.4,16.4,15.2,17.4
89,21,2015,75.1,71.7,78.6,21.4,19.7,23.0,64.7,62.8,66.7,15.9,14.8,16.9
90,21,2010,74.1,70.6,77.7,20.8,19.0,22.4,63.9,62.0,65.9,15.6,14.5,16.7
91,21,2000,71.5,67.9,75.2,19.7,18.0,21.3,61.7,59.6,63.8,14.8,13.6,15.8
92,383,2019,74.3,73.4,75.4,19.2,19.0,19.4,65.6,65.2,66.1,14.5,14.3,14.7
93,383,2015,74.4,73.4,75.5,19.0,18.7,19.4,65.7,65.2,66.3,14.3,14.0,14.6
94,383,2010,74.6,73.3,75.8,19.0,18.4,19.6,65.8,65.1,66.5,14.3,13.8,14.7
95,383,2000,72.2,70.9,73.7,16.8,16.2,17.4,63.9,63.1,64.8,12.6,12.2,13.1
96,27,2019,75.1,71.6,78.6,19.8,17.4,22.0,66.3,63.9,68.7,15.2,13.4,16.9
97,27,2015,74.6,71.2,78.0,19.4,17.1,21.5,65.9,63.5,68.4,15.0,13.2,16.6
98,27,2010,73.6,70.2,77.2,18.9,16.7,20.9,65.2,62.7,67.8,14.6,12.9,16.2
99,27,2000,71.6,68.4,75.0,17.6,15.9,19.2,63.5,61.2,66.0,13.7,12.3,14.9
100,233,2019,62.7,60.1,65.2,16.8,15.2,18.1,54.9,53.4,56.3,12.6,11.6,13.4
101,233,2015,60.9,58.2,63.4,16.4,14.8,17.8,53.4,51.9,54.8,12.3,11.3,13.2
102,233,2010,58.6,56.2,60.8,16.2,14.5,17.4,51.2,49.8,52.5,12.1,11.0,13.0
103,233,2000,51.6,49.9,53.1,15.5,14.1,16.6,44.9,43.9,45.7,11.5,10.6,12.2
104,29,2019,63.8,61.5,66.1,16.5,15.2,17.6,55.6,54.0,57.2,12.7,11.8,13.5
105,29,2015,62.0,59.8,64.3,16.2,14.9,17.4,54.0,52.4,55.6,12.4,11.5,13.3
106,29,2010,58.6,56.9,60.3,15.6,14.2,16.8,50.9,49.6,52.1,12.0,11.0,12.8
107,29,2000,43.8,41.8,45.9,13.0,11.8,14.0,38.1,36.6,39.7,9.9,9.1,10.6
108,384,2019,74.0,69.9,77.9,19.7,16.8,21.8,64.8,62.2,67.2,14.9,13.0,16.3
109,384,2015,74.9,72.2,77.6,21.7,21.0,22.1,65.2,63.7,66.9,16.3,16.0,16.5
110,384,2010,74.1,70.8,77.3,22.1,20.8,22.9,64.5,62.5,66.4,16.5,15.9,17.0
111,384,2000,71.0,66.9,74.6,20.4,18.2,22.3,62.0,59.4,64.2,15.4,14.0,16.6
112,115,2019,70.1,67.2,72.7,17.7,15.9,19.1,61.5,59.8,63.0,13.2,12.0,14.1
113,115,2015,69.2,66.2,71.9,17.6,15.8,18.9,60.7,58.9,62.4,13.1,11.9,14.0
114,115,2010,67.2,64.2,70.0,17.2,15.5,18.6,59.0,57.2,60.7,12.8,11.7,13.7
115,115,2000,58.7,56.0,61.2,15.8,14.4,17.1,51.4,49.8,52.9,11.8,10.9,12.5
116,32,2019,62.4,60.3,64.5,17.1,15.8,18.3,54.5,53.5,55.6,12.8,12.0,13.5
117,32,2015,59.1,57.3,61.0,16.4,15.0,17.7,51.8,50.9,52.7,12.3,11.4,13.1
118,32,2010,56.6,55.1,58.1,15.9,14.4,17.3,49.6,49.0,50.2,11.9,11.0,12.7
119,32,2000,52.8,51.3,54.4,15.1,13.7,16.4,46.1,45.4,46.7,11.1,10.3,11.9
120,33,2019,82.2,80.4,84.1,25.2,23.8,26.4,71.3,70.5,72.0,19.0,18.2,19.7
121,33,2015,81.8,79.9,83.6,24.7,23.3,26.0,71.1,70.4,71.8,18.8,18.0,19.6
122,33,2010,81.3,79.3,83.3,24.4,22.8,25.7,70.8,69.9,71.7,18.6,17.6,19.4
123,33,2000,79.1,76.5,81.5,22.5,20.5,24.3,69.4,68.1,70.6,17.3,16.0,18.5
124,33,1920,82.8,,,,,,,,,,,
125,37,2019,53.1,50.2,56.3,13.2,11.3,14.9,46.4,44.5,48.4,10.0,8.6,11.1
126,37,2015,50.5,48.2,53.0,12.8,11.0,14.4,44.2,42.7,45.7,9.6,8.4,10.8
127,37,2010,48.5,46.7,50.4,12.5,10.7,14.2,42.5,41.4,43.6,9.4,8.2,10.6
128,37,2000,44.3,43.2,45.5,11.8,10.1,13.4,38.7,38.2,39.3,8.9,7.7,10.0
129,39,2019,59.6,58.0,61.3,16.5,15.7,17.3,52.0,51.3,52.8,12.3,11.8,12.7
130,39,2015,57.9,56.2,59.6,16.2,15.2,17.1,50.5,49.8,51.3,12.0,11.5,12.5
131,39,2010,55.7,53.9,57.4,15.6,14.6,16.6,48.6,47.7,49.4,11.6,11.0,12.1
132,39,2000,51.1,49.3,53.0,14.9,13.8,16.1,44.7,43.7,45.7,11.1,10.4,11.8
133,40,2019,80.7,78.1,83.2,24.3,22.4,25.9,70.0,69.0,71.1,18.4,17.3,19.3
134,40,2015,79.8,77.0,82.5,23.6,21.6,25.3,69.4,68.1,70.7,18.0,16.8,19.0
135,40,2010,78.5,75.5,81.3,22.5,20.4,24.2,68.5,67.0,69.8,17.2,15.9,18.2
136,40,2000,76.8,73.6,79.8,21.3,19.2,23.1,67.0,65.4,68.5,16.4,15.1,17.5
137,351,2019,77.4,74.7,80.5,21.1,19.2,23.1,68.5,67.2,70.0,15.9,15.0,16.9
138,351,2015,76.6,73.9,79.9,20.6,18.6,22.7,68.0,66.6,69.7,15.6,14.6,16.8
139,351,2010,74.9,72.3,77.9,19.6,17.9,21.5,66.7,65.3,68.2,14.9,14.0,15.9
140,351,2000,71.6,69.3,74.2,18.4,16.9,20.1,63.7,62.7,64.9,14.0,13.3,14.9
141,44,2019,79.3,76.7,81.9,24.0,22.5,25.3,69.0,67.4,70.5,18.1,17.1,18.9
142,44,2015,78.4,75.6,81.0,23.4,22.0,24.7,68.3,66.6,69.9,17.7,16.8,18.5
143,44,2010,77.1,74.0,80.1,23.0,21.6,24.3,67.2,65.2,69.1,17.3,16.4,18.2
144,44,2000,73.7,69.7,77.8,21.7,20.3,23.1,64.1,61.4,66.9,16.3,15.3,17.1
145,45,2019,67.4,65.9,68.9,18.1,17.4,18.8,58.9,58.3,59.6,13.7,13.2,14.1
146,45,2015,66.5,65.1,67.8,17.9,17.2,18.5,58.2,57.6,58.8,13.5,13.1,13.9
147,45,2010,65.0,63.6,66.4,17.6,16.9,18.2,57.0,56.4,57.5,13.3,12.9,13.7
148,45,2000,61.5,60.2,62.9,16.3,15.6,17.0,53.8,53.2,54.4,12.3,11.8,12.7
149,46,2019,64.7,63.8,65.6,16.4,15.7,17.1,56.2,56.4,56.1,12.2,11.9,12.5
150,46,2015,63.1,62.6,63.6,16.1,15.5,16.6,54.9,55.3,54.5,12.0,11.8,12.2
151,46,2010,61.0,61.0,60.8,15.7,15.2,16.1,53.0,53.8,52.2,11.6,11.4,11.8
152,46,2000,52.1,51.5,52.6,13.9,12.8,14.7,45.4,45.5,45.2,10.3,9.6,10.8
153,48,2019,80.8,78.3,83.4,25.0,23.6,26.4,70.0,68.6,71.3,18.7,17.8,19.5
154,48,2015,80.8,78.2,83.5,24.9,23.3,26.4,70.0,68.7,71.4,18.6,17.7,19.6
155,48,2010,79.6,77.0,82.2,24.0,22.5,25.4,69.2,67.9,70.6,18.0,17.2,18.9
156,48,2000,78.0,75.5,80.6,22.4,20.8,24.0,68.0,66.8,69.3,16.9,16.0,17.8
157,107,2019,62.9,60.5,65.8,17.1,15.8,18.7,54.8,53.4,56.5,12.7,11.9,13.7
158,107,2015,60.2,58.0,63.0,16.4,15.1,18.1,52.5,51.3,54.1,12.2,11.4,13.3
159,107,2010,56.6,54.8,58.9,15.6,14.3,17.5,49.5,48.5,50.7,11.6,10.8,12.8
160,107,2000,50.3,48.9,52.3,14.5,12.9,16.8,44.0,43.3,45.0,10.7,9.7,12.2
161,98,2019,78.6,75.5,81.6,21.8,19.4,23.7,68.6,66.7,70.5,16.2,14.6,17.7
162,98,2015,77.6,74.3,80.7,21.0,18.6,23.2,67.9,65.8,69.9,15.8,14.0,17.3
163,98,2010,76.7,73.4,79.9,20.4,18.1,22.4,67.3,65.1,69.4,15.4,13.7,16.9
164,98,2000,74.4,70.7,77.9,19.0,16.7,20.9,65.4,62.9,67.9,14.4,12.7,15.8
165,49,2019,77.8,75.4,80.3,21.6,20.0,23.2,67.8,66.6,69.2,16.3,15.2,17.4
166,49,2015,77.9,75.7,80.2,21.8,20.3,23.2,68.0,66.9,69.2,16.5,15.5,17.5
167,49,2010,77.7,75.5,79.8,21.5,20.1,22.9,68.0,67.0,69.0,16.4,15.5,17.3
168,49,2000,76.8,74.6,79.0,21.6,20.2,23.0,67.1,66.2,68.1,16.5,15.6,17.4
169,50,2019,83.1,81.1,85.1,24.9,23.3,26.4,72.4,71.8,73.0,19.0,18.1,19.9
170,50,2015,82.0,79.9,84.1,24.2,22.6,25.6,71.6,70.9,72.4,18.5,17.5,19.4
171,50,2010,81.0,78.9,83.1,23.5,22.2,24.8,70.8,70.0,71.5,17.9,17.1,18.7
172,50,2000,78.7,76.5,81.0,21.9,20.4,23.2,69.1,68.3,70.0,16.8,15.9,17.6
173,167,2019,79.1,76.3,81.9,22.1,19.9,24.0,68.8,67.0,70.6,16.3,14.7,17.8
174,167,2015,78.5,75.6,81.3,21.5,19.3,23.4,68.3,66.4,70.2,15.9,14.3,17.4
175,167,2010,77.6,74.4,80.7,21.0,18.8,23.0,67.7,65.6,69.9,15.7,14.0,17.2
176,167,2000,75.0,71.5,78.3,19.3,17.0,21.3,65.9,63.6,68.3,14.6,12.9,16.1
177,386,2019,72.6,69.3,75.7,19.1,16.8,20.8,65.0,63.3,66.6,14.9,13.6,15.8
178,386,2015,71.8,68.4,74.8,18.6,16.3,20.2,64.3,62.6,65.9,14.5,13.2,15.4
179,386,2010,70.2,66.9,73.1,18.0,15.8,19.5,63.0,61.3,64.5,14.1,12.9,14.9
180,386,2000,64.0,60.8,66.8,15.5,13.5,16.8,57.8,56.0,59.4,12.3,11.1,13.0
181,250,2019,62.4,60.0,64.8,16.6,15.4,17.9,54.1,52.8,55.4,12.5,11.7,13.4
182,250,2015,60.4,58.3,62.7,16.2,14.9,17.5,52.4,51.3,53.6,12.3,11.4,13.1
183,250,2010,57.5,55.6,59.4,15.5,14.1,16.8,49.9,49.0,50.8,11.7,10.8,12.5
184,250,2000,52.4,50.5,54.5,14.9,13.3,16.4,45.3,44.1,46.4,11.2,10.1,12.2
185,54,2019,81.3,79.6,83.0,23.6,22.3,24.9,71.0,70.7,71.4,18.2,17.6,18.9
186,54,2015,80.6,78.8,82.4,23.2,21.8,24.5,70.5,70.1,70.9,17.9,17.2,18.6
187,54,2010,79.2,77.2,81.1,22.2,20.8,23.5,69.4,68.8,70.0,17.2,16.4,18.0
188,54,2000,76.9,74.7,79.1,20.6,19.0,22.1,67.6,66.7,68.3,16.0,15.1,16.8
189,72,2019,65.8,64.1,67.8,17.8,16.6,19.0,58.0,57.2,58.9,13.6,12.9,14.4
190,72,2015,64.6,62.8,66.6,17.5,16.3,18.7,57.0,56.1,57.9,13.4,12.7,14.2
191,72,2010,61.9,60.6,63.3,17.1,15.8,18.4,54.6,54.2,55.0,13.1,12.3,13.9
192,72,2000,59.8,57.9,62.0,16.3,14.9,17.7,52.7,51.8,53.8,12.5,11.6,13.3
193,56,2019,72.8,69.8,76.2,20.6,19.0,22.4,64.0,62.1,66.1,16.0,14.8,17.2
194,56,2015,71.8,68.6,75.2,20.2,18.6,22.0,63.2,61.2,65.4,15.7,14.5,17.0
195,56,2010,73.2,70.4,76.1,21.4,20.0,22.9,64.4,62.7,66.2,16.6,15.6,17.6
196,56,2000,73.2,70.2,76.7,22.4,20.7,24.4,64.1,62.1,66.4,17.3,16.1,18.7
197,58,2019,78.4,76.4,80.5,23.2,22.0,24.3,68.5,67.7,69.3,17.6,17.0,18.2
198,58,2015,77.2,74.9,79.5,22.5,21.4,23.6,67.5,66.5,68.5,17.1,16.5,17.7
199,58,2010,75.0,72.3,77.9,21.6,20.4,22.8,65.8,64.4,67.3,16.5,15.8,17.2
200,58,2000,74.5,71.9,77.3,21.9,20.8,23.1,65.2,63.9,66.7,16.8,16.1,17.5
201,59,2019,71.8,69.6,74.1,17.8,16.5,19.1,63.0,62.3,63.7,13.4,12.7,14.0
202,59,2015,70.5,68.2,72.9,17.0,15.7,18.3,62.0,61.3,62.8,12.8,12.2,13.4
203,59,2010,70.2,67.8,72.7,17.7,16.3,19.1,61.7,60.9,62.5,13.4,12.7,14.0
204,59,2000,69.8,67.3,72.4,18.5,16.8,20.0,61.2,60.3,62.2,13.9,13.1,14.7
205,60,2019,75.0,70.6,79.1,22.1,20.4,23.6,64.9,61.6,67.8,16.4,15.1,17.4
206,60,2015,73.2,68.1,78.0,21.8,20.4,22.9,63.5,59.6,67.0,16.2,15.2,17.0
207,60,2010,74.5,70.6,78.0,22.1,21.0,23.0,64.4,61.5,67.0,16.4,15.6,17.1
208,60,2000,72.5,68.4,76.5,21.4,20.2,22.6,62.7,59.7,65.7,16.1,15.2,16.9
209,61,2019,62.2,60.9,63.6,17.6,16.5,18.8,53.9,53.4,54.1,12.9,12.3,13.6
210,61,2015,61.1,60.3,61.8,17.7,16.8,18.7,52.9,52.9,52.6,12.9,12.4,13.5
211,61,2010,59.7,59.8,59.1,17.6,17.0,18.3,51.7,52.4,50.4,12.8,12.5,13.1
212,61,2000,54.3,52.4,56.5,15.5,14.0,17.1,46.8,45.8,47.9,11.2,10.2,12.2
213,178,2019,64.1,61.3,67.1,15.5,14.1,16.8,55.7,53.9,57.7,11.4,10.4,12.4
214,178,2015,62.3,59.4,65.4,15.1,13.6,16.6,54.1,52.2,56.2,11.1,10.0,12.2
215,178,2010,60.7,57.8,64.0,14.5,12.9,16.2,52.6,50.7,54.8,10.7,9.5,11.9
216,178,2000,54.5,51.2,58.5,13.5,11.7,15.6,47.0,44.6,49.9,9.9,8.6,11.3
217,63,2019,78.9,74.7,82.6,22.5,19.3,25.0,69.2,66.4,71.7,17.3,14.8,19.1
218,63,2015,77.6,73.0,81.7,21.9,18.6,24.3,68.3,65.0,71.1,16.8,14.3,18.7
219,63,2010,75.9,70.9,80.4,20.8,17.3,23.2,66.9,63.3,70.2,16.0,13.4,17.9
220,63,2000,70.9,65.6,76.2,18.6,15.4,20.9,62.6,58.5,66.5,14.3,11.8,16.1
221,387,2019,57.7,53.4,63.2,15.1,12.4,17.7,50.1,47.1,53.8,11.0,9.0,12.9
222,387,2015,54.0,50.3,58.7,14.6,11.9,17.1,46.9,44.3,50.2,10.6,8.7,12.4
223,387,2010,47.4,44.9,50.8,13.3,10.8,15.7,41.4,39.8,43.6,9.7,7.9,11.4
224,387,2000,47.0,44.8,49.4,13.6,11.2,15.9,41.3,39.9,42.8,9.9,8.2,11.6
225,238,2019,68.7,66.9,70.5,18.4,17.4,19.4,59.9,59.0,60.8,13.9,13.3,14.4
226,238,2015,66.8,65.0,68.6,18.1,17.0,19.1,58.3,57.4,59.3,13.6,13.0,14.2
227,238,2010,62.9,61.3,64.5,17.3,16.3,18.3,55.0,54.2,55.8,13.0,12.5,13.5
228,238,2000,50.6,49.5,51.7,14.1,13.4,14.9,44.3,43.9,44.8,10.6,10.2,11.0
229,66,2019,68.0,65.9,70.3,16.2,14.9,17.5,59.6,58.5,60.7,11.8,11.1,12.6
230,66,2015,67.8,65.8,70.1,16.0,14.8,17.2,59.6,58.6,60.7,11.7,11.0,12.5
231,66,2010,67.6,65.9,69.5,15.8,14.8,16.8,59.5,58.8,60.2,11.6,11.1,12.2
232,66,2000,65.9,63.7,68.4,14.7,13.3,16.3,58.1,56.9,59.5,10.9,10.1,11.8
233,67,2019,81.6,79.2,84.0,24.2,22.4,25.8,71.0,69.9,72.0,18.5,17.3,19.5
234,67,2015,81.2,78.5,83.9,23.9,21.9,25.7,70.7,69.4,72.0,18.3,17.0,19.4
235,67,2010,79.9,76.7,83.0,23.3,21.0,25.3,69.6,67.9,71.2,17.8,16.3,19.1
236,67,2000,77.6,74.1,80.9,21.6,19.2,23.6,67.8,65.8,69.6,16.5,14.9,17.9
237,68,2019,82.5,79.8,85.1,25.3,23.3,27.2,72.1,71.1,73.1,19.7,18.5,20.8
238,68,2015,81.9,79.0,84.7,25.0,22.9,26.9,71.7,70.5,72.9,19.5,18.2,20.7
239,68,2010,81.2,78.0,84.3,24.7,22.3,26.8,71.2,69.7,72.5,19.3,17.9,20.6
240,68,2000,78.9,75.2,82.5,23.0,20.4,25.3,69.3,67.4,71.1,18.0,16.3,19.5
241,74,2019,66.5,63.6,69.7,17.2,15.2,19.3,57.6,56.0,59.3,12.8,11.4,14.2
242,74,2015,64.9,62.1,68.1,16.9,14.9,19.0,56.3,54.8,58.0,12.6,11.2,14.0
243,74,2010,62.2,60.1,64.3,16.4,14.4,18.2,54.0,53.1,54.9,12.2,10.8,13.4
244,74,2000,58.1,56.1,60.1,15.2,13.4,17.0,50.5,49.6,51.4,11.3,10.1,12.5
245,75,2019,65.5,63.4,67.7,16.9,15.8,18.0,57.0,56.4,57.7,12.6,12.1,13.2
246,75,2015,64.1,62.2,66.3,16.7,15.6,17.9,55.8,55.3,56.5,12.5,11.9,13.0
247,75,2010,62.4,60.6,64.5,16.5,15.3,17.7,54.4,53.9,55.0,12.3,11.7,12.9
248,75,2000,59.2,57.2,61.6,16.2,14.9,17.7,51.7,51.0,52.5,12.2,11.6,13.0
249,73,2019,73.3,68.8,77.8,18.8,16.0,21.0,64.7,61.4,67.9,14.4,12.4,16.1
250,73,2015,72.6,68.2,76.9,18.4,16.0,20.5,64.2,61.1,67.3,14.2,12.4,15.7
251,73,2010,71.9,67.4,76.3,18.2,15.9,20.1,63.7,60.5,66.9,14.1,12.5,15.5
252,73,2000,69.4,65.6,73.1,17.0,15.2,18.4,61.9,59.2,64.6,13.4,12.1,14.4
253,79,2019,81.7,78.7,84.8,24.4,21.9,26.9,70.9,69.7,72.1,18.5,17.0,19.9
254,79,2015,80.4,78.1,82.7,23.2,21.5,24.8,70.1,69.3,70.8,17.7,16.7,18.7
255,79,2010,80.2,77.8,82.5,23.2,21.4,24.8,70.0,69.1,70.9,17.8,16.7,18.8
256,79,2000,78.1,75.0,80.9,21.8,19.5,23.6,68.5,67.0,69.8,16.8,15.3,18.0
257,81,2019,66.3,63.7,69.2,17.2,15.7,18.9,58.0,56.5,59.6,12.9,11.9,14.0
258,81,2015,64.5,62.0,67.4,16.8,15.1,18.6,56.5,55.1,58.0,12.6,11.5,13.7
259,81,2010,62.0,59.7,64.5,16.2,14.6,17.9,54.3,53.2,55.6,12.1,11.1,13.2
260,81,2000,59.2,57.7,60.8,16.0,14.8,17.3,51.9,51.4,52.5,12.0,11.3,12.8
261,84,2019,81.1,78.6,83.6,23.8,22.1,25.5,70.9,69.9,71.9,18.4,17.3,19.5
262,84,2015,80.4,77.8,82.9,23.5,21.7,25.1,70.4,69.3,71.6,18.2,17.1,19.3
263,84,2010,80.1,77.5,82.7,23.3,21.7,24.8,70.0,68.9,71.2,18.1,17.0,19.0
264,84,2000,78.2,75.5,80.9,21.5,19.9,23.1,68.6,67.5,69.8,16.8,15.7,17.7
265,86,2019,72.9,70.6,75.3,18.7,17.2,20.3,63.9,62.6,65.4,14.3,13.1,15.6
266,86,2015,72.7,70.4,75.1,18.9,17.3,20.4,63.9,62.5,65.3,14.5,13.3,15.7
267,86,2010,72.0,69.2,75.5,17.7,15.6,20.5,63.5,61.8,65.7,13.7,12.1,15.8
268,86,2000,72.0,68.6,76.0,17.9,15.1,21.0,63.6,61.5,66.1,13.9,11.9,16.2
269,89,2019,72.0,69.0,75.0,20.5,19.4,21.4,62.3,60.5,64.1,15.0,14.4,15.5
270,89,2015,70.9,67.8,74.0,19.9,18.8,20.8,61.5,59.6,63.4,14.6,14.1,15.1
271,89,2010,69.3,65.8,72.8,19.6,18.6,20.5,60.1,57.8,62.3,14.4,13.9,14.9
272,89,2000,66.8,63.3,70.3,19.1,18.1,20.1,57.8,55.6,60.1,14.1,13.6,14.6
273,90,2019,61.0,59.5,62.3,16.5,15.6,17.2,53.3,52.9,53.7,12.3,11.8,12.6
274,90,2015,58.8,57.3,60.1,15.9,14.8,16.6,51.5,51.1,51.9,11.9,11.3,12.2
275,90,2010,58.1,56.6,59.3,15.8,14.7,16.6,50.9,50.5,51.2,11.8,11.2,12.2
276,90,2000,54.3,53.1,55.3,15.7,15.0,16.3,47.5,47.3,47.8,11.7,11.4,12.0
277,175,2019,60.2,57.4,63.0,15.5,13.9,16.7,52.6,51.1,54.1,11.4,10.5,12.1
278,175,2015,58.2,55.5,60.8,15.0,13.4,16.3,50.9,49.5,52.3,11.0,10.0,11.8
279,175,2010,55.4,53.0,57.7,14.6,12.9,16.0,48.6,47.3,49.7,10.7,9.7,11.5
280,175,2000,50.3,47.8,52.8,13.8,12.1,15.4,44.0,42.6,45.5,10.1,9.1,11.1
281,91,2019,65.7,62.5,69.4,16.6,15.1,18.1,57.2,55.1,59.7,12.5,11.5,13.6
282,91,2015,65.6,62.3,69.2,16.6,15.2,18.0,57.2,55.0,59.6,12.6,11.6,13.6
283,91,2010,64.8,61.6,68.2,16.2,14.8,17.6,56.6,54.5,58.9,12.3,11.3,13.2
284,91,2000,63.0,59.8,66.5,15.9,14.6,17.3,55.0,52.9,57.3,12.1,11.2,13.0
285,93,2019,64.1,63.3,64.8,16.8,16.5,17.0,55.8,55.9,55.8,12.8,12.7,12.9
286,93,2015,62.6,62.1,63.1,16.5,16.3,16.7,54.6,54.8,54.4,12.6,12.6,12.6
287,93,2010,31.3,28.0,35.4,11.5,10.9,12.0,28.0,25.4,31.2,8.8,8.5,9.2
288,93,2000,57.0,57.0,57.2,15.8,15.6,15.9,50.0,50.5,49.6,12.1,12.1,12.2
289,95,2019,71.9,70.7,73.2,18.3,17.5,19.1,63.0,62.7,63.3,13.8,13.4,14.2
290,95,2015,69.8,67.6,72.1,17.9,17.0,18.6,61.3,60.1,62.6,13.5,13.1,14.0
291,95,2010,71.1,70.2,72.1,18.9,18.7,19.1,62.3,62.2,62.5,14.3,14.3,14.3
292,95,2000,70.0,69.1,71.0,19.6,19.6,19.6,61.2,61.1,61.4,14.7,15.0,14.6
293,97,2019,76.4,73.1,79.6,20.2,17.7,22.3,67.2,65.0,69.3,15.3,13.4,16.8
294,97,2015,75.6,72.2,78.7,19.9,17.4,21.9,66.6,64.3,68.7,15.1,13.3,16.6
295,97,2010,74.6,70.6,78.4,19.7,17.0,21.8,65.8,63.0,68.4,14.9,12.9,16.6
296,97,2000,71.3,67.1,75.6,18.0,15.3,20.1,63.0,60.0,66.1,13.6,11.6,15.2
297,99,2019,82.3,80.8,83.9,24.6,23.7,25.5,72.0,71.7,72.3,19.0,18.6,19.4
298,99,2015,82.1,80.7,83.6,24.4,23.5,25.3,71.9,71.7,72.1,18.9,18.4,19.3
299,99,2010,81.7,80.0,83.3,23.9,22.7,25.0,71.4,71.1,71.8,18.4,17.8,18.9
300,99,2000,79.7,77.7,81.6,22.6,21.2,24.0,69.8,69.3,70.3,17.4,16.7,18.1
301,100,2019,70.8,69.5,72.2,18.8,18.1,19.5,60.3,60.3,60.4,13.2,13.0,13.5
302,100,2015,69.3,68.1,70.6,18.5,17.7,19.3,59.1,59.1,59.2,13.1,12.8,13.3
303,100,2010,67.2,65.7,68.9,18.0,16.9,19.0,57.3,57.0,57.6,12.6,12.1,13.0
304,100,2000,62.1,61.3,62.9,16.1,15.4,16.8,52.9,53.2,52.7,11.3,11.1,11.6
305,101,2019,71.3,69.4,73.3,17.9,16.7,19.1,62.8,61.9,63.8,13.4,12.7,14.0
306,101,2015,70.6,68.8,72.5,17.7,16.5,18.8,62.3,61.5,63.2,13.2,12.5,13.8
307,101,2010,69.3,67.5,71.0,17.5,16.4,18.4,61.2,60.4,62.0,13.0,12.5,13.5
308,101,2000,67.2,65.8,68.6,17.6,16.8,18.2,59.0,58.5,59.6,13.0,12.7,13.2
309,393,2019,77.3,75.7,79.1,21.8,21.2,22.5,66.3,66.0,66.5,15.7,15.6,15.8
310,393,2015,76.7,75.0,78.5,21.6,20.9,22.3,65.7,65.3,66.0,15.5,15.3,15.6
311,393,2010,75.9,73.9,78.0,21.4,20.6,22.3,65.0,64.5,65.6,15.4,15.2,15.6
312,393,2000,72.6,70.7,74.6,19.7,19.0,20.5,62.6,62.1,63.1,14.3,14.1,14.5
313,103,2019,72.4,69.9,75.0,19.2,17.6,20.7,62.7,61.6,63.7,14.2,13.3,15.0
314,103,2015,70.3,67.3,73.4,19.2,17.9,20.5,60.8,59.3,62.4,14.2,13.5,14.9
315,103,2010,70.2,67.8,72.8,18.8,17.5,20.0,60.9,59.8,62.0,13.9,13.2,14.5
316,103,2000,68.8,66.4,71.3,18.3,17.0,19.6,59.5,58.5,60.6,13.5,12.8,14.1
317,104,2019,81.8,80.2,83.5,24.2,23.0,25.3,71.1,70.7,71.4,18.6,18.0,19.2
318,104,2015,81.1,79.3,82.9,23.7,22.3,24.9,70.7,70.2,71.2,18.3,17.5,19.0
319,104,2010,80.4,78.3,82.4,23.2,21.7,24.6,70.1,69.3,70.7,17.9,17.1,18.7
320,104,2000,76.4,73.8,79.0,20.2,18.3,21.9,67.1,65.9,68.3,15.7,14.6,16.8
321,105,2019,82.6,80.8,84.4,24.9,23.6,26.0,72.4,72.0,72.7,19.3,18.7,19.9
322,105,2015,81.9,80.0,83.8,24.3,22.9,25.6,71.8,71.3,72.3,18.8,18.1,19.5
323,105,2010,81.6,79.6,83.3,24.2,22.8,25.3,71.4,70.9,71.8,18.6,17.9,19.2
324,105,2000,78.6,76.4,80.7,21.9,20.6,23.1,69.2,68.4,69.9,17.1,16.4,17.7
325,106,2019,83.0,80.9,84.9,25.0,23.4,26.5,71.9,71.2,72.6,18.9,17.9,19.8
326,106,2015,82.2,80.0,84.3,24.5,22.7,26.0,71.6,70.7,72.4,18.6,17.5,19.6
327,106,2010,81.9,79.4,84.2,24.4,22.4,26.1,71.1,70.0,72.2,18.4,17.1,19.6
328,106,2000,79.4,76.4,82.1,22.5,20.3,24.5,69.0,67.6,70.4,17.1,15.6,18.4
329,109,2019,76.0,74.4,77.7,21.3,20.1,22.6,66.6,65.9,67.3,16.4,15.5,17.3
330,109,2015,75.9,74.1,77.7,21.4,19.9,23.0,66.6,65.9,67.4,16.5,15.5,17.6
331,109,2010,75.8,73.3,78.5,21.6,19.7,23.8,66.6,65.3,68.0,16.7,15.3,18.2
332,109,2000,74.2,72.0,76.5,21.0,19.7,22.3,65.4,64.3,66.6,16.3,15.4,17.2
333,110,2019,84.3,81.5,86.9,26.3,23.9,28.6,74.1,72.6,75.5,20.4,18.8,21.8
334,110,2015,83.6,80.7,86.4,25.9,23.4,28.1,73.6,72.0,75.1,20.0,18.4,21.5
335,110,2010,82.7,79.5,85.8,25.3,22.6,27.7,73.0,71.1,74.7,19.7,17.8,21.3
336,110,2000,81.1,77.7,84.4,24.1,21.3,26.6,71.6,69.5,73.5,18.7,16.7,20.5
337,112,2019,77.9,77.0,78.8,21.8,21.6,22.1,67.6,68.1,67.2,16.2,16.3,16.2
338,112,2015,77.8,77.0,78.8,21.8,21.5,22.1,67.6,68.0,67.2,16.2,16.3,16.1
339,112,2010,76.6,75.6,77.6,21.0,20.5,21.4,66.7,67.1,66.2,15.6,15.7,15.6
340,112,2000,72.6,73.1,72.5,18.6,19.5,17.9,63.6,65.0,62.3,13.9,14.9,13.1
341,108,2019,74.0,70.0,77.6,19.5,16.8,21.4,65.0,62.4,67.4,14.8,13.0,16.2
342,108,2015,71.9,67.4,76.2,18.6,15.9,20.6,63.4,60.3,66.3,14.2,12.3,15.6
343,108,2010,68.4,63.6,73.4,17.2,14.6,19.2,60.4,57.0,64.0,13.1,11.3,14.5
344,108,2000,63.1,57.6,69.2,15.3,12.3,17.8,56.1,52.0,60.5,11.8,9.7,13.5
345,114,2019,66.1,63.7,68.4,17.6,16.0,19.1,57.7,56.4,58.9,13.1,11.9,14.0
346,114,2015,64.2,61.7,66.6,17.3,15.6,18.8,56.1,54.8,57.4,12.8,11.7,13.8
347,114,2010,61.2,59.2,63.1,16.8,14.9,18.5,53.5,52.6,54.4,12.4,11.1,13.5
348,114,2000,53.9,52.8,54.9,16.3,14.5,18.1,46.9,46.6,47.2,11.8,10.7,13.0
349,83,2019,59.4,56.1,62.8,13.7,12.5,14.6,52.6,50.5,54.9,10.3,9.5,11.0
350,83,2015,58.2,55.1,61.4,13.5,12.3,14.4,51.6,49.6,53.7,10.2,9.4,10.8
351,83,2010,58.0,54.8,61.4,13.2,12.0,14.2,51.5,49.3,53.8,10.0,9.2,10.7
352,83,2000,55.7,52.3,59.4,12.6,11.3,13.7,49.6,47.1,52.2,9.6,8.7,10.4
353,118,2019,81.0,79.3,83.9,24.0,22.8,25.9,70.1,69.5,71.1,17.8,17.1,18.9
354,118,2015,81.1,79.5,83.8,24.2,23.2,25.9,70.2,69.7,71.0,18.0,17.4,18.9
355,118,2010,79.8,78.8,81.4,23.2,22.7,24.0,69.2,69.2,69.2,17.2,17.0,17.6
356,118,2000,77.9,76.4,80.1,22.2,21.2,23.5,67.7,67.4,68.0,16.5,16.0,17.1
357,113,2019,74.2,70.7,77.3,20.0,17.8,21.7,65.8,63.6,67.7,15.7,14.2,16.8
358,113,2015,71.6,67.9,75.3,18.4,16.3,20.2,63.7,61.3,66.2,14.5,13.0,15.8
359,113,2010,69.2,65.2,73.3,17.6,15.5,19.3,61.6,58.9,64.5,13.8,12.4,15.1
360,113,2000,66.0,61.9,70.2,16.7,14.9,18.3,58.7,55.8,61.7,13.1,11.8,14.1
361,395,2019,68.5,66.2,70.9,17.6,16.3,18.9,60.5,59.2,61.9,13.3,12.5,14.0
362,395,2015,67.1,64.7,69.6,17.5,16.2,18.7,59.3,57.9,60.7,13.2,12.4,13.9
363,395,2010,64.9,62.4,67.4,16.9,15.5,18.1,57.4,56.0,58.9,12.8,11.9,13.5
364,395,2000,58.4,56.3,60.6,15.3,14.0,16.5,51.8,50.5,53.1,11.6,10.8,12.3
365,119,2019,75.4,70.6,79.8,20.5,17.2,23.0,66.2,62.9,69.3,15.6,13.2,17.4
366,119,2015,74.8,69.9,79.3,20.4,17.1,22.7,65.8,62.3,68.9,15.5,13.1,17.2
367,119,2010,72.9,67.8,77.8,19.2,15.8,21.7,64.3,60.5,67.7,14.7,12.1,16.6
368,119,2000,70.2,64.6,75.6,18.3,15.1,20.6,61.6,57.4,65.6,13.9,11.4,15.6
369,121,2019,76.4,74.0,79.2,20.5,18.8,22.4,66.0,65.1,67.0,15.0,13.9,16.2
370,121,2015,76.0,73.5,78.8,20.1,18.3,22.1,65.7,64.7,66.8,14.8,13.7,16.0
371,121,2010,75.5,73.3,78.1,19.9,18.3,21.7,65.4,64.6,66.3,14.8,13.8,15.8
372,121,2000,74.6,73.0,76.1,19.8,18.9,20.7,64.7,64.4,64.9,14.9,14.4,15.3
373,122,2019,50.7,47.7,54.2,13.4,11.2,15.2,44.2,42.3,46.4,9.8,8.3,11.0
374,122,2015,47.7,45.1,50.6,12.7,10.7,14.4,41.6,40.1,43.4,9.3,7.9,10.5
375,122,2010,47.4,44.5,50.7,12.8,10.6,14.7,41.5,39.6,43.6,9.4,7.8,10.7
376,122,2000,47.8,45.5,50.7,13.9,11.0,16.7,42.0,40.7,43.7,10.3,8.2,12.2
377,123,2019,64.1,63.2,65.0,17.7,17.4,18.0,54.9,54.9,55.0,12.9,12.8,12.9
378,123,2015,61.2,60.6,61.7,17.1,16.8,17.3,52.5,52.7,52.2,12.3,12.4,12.3
379,123,2010,60.7,60.1,61.3,16.7,16.3,17.0,52.1,52.3,51.8,12.1,12.1,12.2
380,123,2000,53.8,52.9,54.7,15.8,15.3,16.2,45.8,45.7,46.0,11.4,11.3,11.5
381,124,2019,75.8,74.2,77.3,21.3,20.5,21.9,65.2,64.9,65.5,15.5,15.3,15.8
382,124,2015,74.6,72.4,76.9,21.3,20.7,21.9,64.3,63.5,65.2,15.6,15.4,15.8
383,124,2010,76.0,74.8,77.3,21.5,21.0,22.0,65.7,65.6,65.7,15.8,15.7,16.0
384,124,2000,74.4,72.7,76.3,21.0,20.0,22.0,64.6,64.2,65.0,15.6,15.1,16.0
385,126,2019,76.0,71.2,80.4,20.9,17.6,23.5,66.7,63.4,69.7,15.9,13.4,17.8
386,126,2015,74.4,69.1,79.5,20.3,16.9,22.9,65.3,61.6,68.8,15.4,12.8,17.3
387,126,2010,73.1,67.5,78.7,19.9,16.4,22.5,64.3,60.2,68.2,15.1,12.4,17.1
388,126,2000,72.0,66.7,77.2,19.5,16.4,21.7,63.1,59.2,66.9,14.7,12.4,16.4
389,256,2019,82.4,80.6,84.2,24.4,22.9,25.8,71.6,71.1,72.0,18.5,17.7,19.3
390,256,2015,82.3,80.3,84.3,24.4,22.8,25.9,71.5,70.9,72.1,18.6,17.6,19.5
391,256,2010,80.9,78.6,83.1,23.5,21.6,25.1,70.5,69.6,71.3,18.0,16.8,19.0
392,256,2000,78.2,75.1,81.1,21.8,19.4,23.7,68.3,66.8,69.7,16.7,15.2,18.0
393,129,2019,65.3,64.1,66.6,16.8,16.1,17.3,57.3,56.9,57.7,12.6,12.3,12.9
394,129,2015,64.2,62.9,65.5,16.5,15.8,17.2,56.3,55.8,56.8,12.4,12.1,12.8
395,129,2010,62.8,61.4,64.2,16.1,15.3,16.9,55.1,54.5,55.6,12.1,11.7,12.6
396,129,2000,58.8,57.5,60.2,15.4,14.6,16.2,51.3,50.7,52.0,11.5,11.1,12.0
397,130,2019,65.6,62.3,68.9,17.2,15.1,19.0,57.1,55.1,59.0,12.8,11.3,14.0
398,130,2015,63.0,59.7,66.5,16.9,14.6,18.8,54.9,52.8,57.0,12.5,10.9,13.9
399,130,2010,56.8,54.4,59.2,16.0,13.7,18.0,49.6,48.3,50.9,11.8,10.2,13.2
400,130,2000,44.7,44.0,45.6,14.0,12.2,15.8,39.1,38.9,39.3,10.3,9.1,11.5
401,131,2019,74.7,72.6,77.1,19.5,18.5,20.6,65.7,64.5,66.9,14.6,14.0,15.3
402,131,2015,75.0,73.0,77.1,19.9,19.1,20.7,65.8,64.7,67.0,14.8,14.4,15.4
403,131,2010,74.3,72.2,76.5,19.2,18.3,20.1,65.4,64.3,66.6,14.4,13.9,15.0
404,131,2000,72.8,70.6,75.3,18.1,17.0,19.2,64.0,62.6,65.5,13.5,12.8,14.2
405,132,2019,79.6,78.6,80.8,22.1,21.4,23.1,70.0,69.7,70.0,16.8,16.4,17.2
406,132,2015,78.4,77.6,79.5,21.3,20.8,21.9,69.1,69.0,69.1,16.2,16.0,16.5
407,132,2010,77.0,76.0,78.2,20.3,19.7,21.0,68.0,67.8,68.1,15.5,15.3,15.8
408,132,2000,71.0,70.4,71.5,18.0,18.1,17.8,62.4,62.4,62.3,13.7,13.9,13.4
409,133,2019,62.8,62.2,63.4,17.5,17.3,17.6,54.6,54.8,54.5,12.8,12.9,12.7
410,133,2015,60.9,60.4,61.4,17.1,16.9,17.2,53.0,53.3,52.7,12.5,12.6,12.4
411,133,2010,59.0,58.6,59.5,16.8,16.7,17.0,51.3,51.6,51.1,12.3,12.3,12.3
412,133,2000,52.6,52.6,52.7,16.0,16.2,15.9,45.6,46.0,45.3,11.7,11.9,11.5
413,134,2019,81.9,79.9,83.8,24.5,23.0,25.9,71.5,70.9,71.9,18.9,18.0,19.6
414,134,2015,81.6,79.6,83.6,24.2,22.7,25.6,71.3,70.7,71.8,18.7,17.8,19.5
415,134,2010,80.4,78.2,82.5,23.2,21.5,24.7,70.4,69.6,71.1,18.0,16.9,18.9
416,134,2000,77.9,75.5,80.1,20.8,19.0,22.4,68.5,67.6,69.4,16.2,15.1,17.2
417,136,2019,68.4,68.1,68.7,19.0,19.1,18.9,59.8,60.2,59.4,14.3,14.6,14.1
418,136,2015,67.4,67.2,67.7,18.8,19.0,18.7,58.9,59.4,58.6,14.2,14.5,13.9
419,136,2010,65.6,65.4,65.9,18.5,18.7,18.3,57.4,57.9,57.1,13.9,14.3,13.6
420,136,2000,62.0,61.8,62.2,17.1,17.2,17.0,54.4,54.8,54.0,12.8,13.1,12.6
421,137,2019,74.1,71.0,77.3,20.3,18.5,22.0,63.9,62.0,65.9,14.5,13.3,15.6
422,137,2015,74.1,71.0,77.4,20.2,18.2,21.9,64.0,62.0,66.1,14.4,13.2,15.5
423,137,2010,73.2,69.8,76.8,19.4,17.4,21.2,63.4,61.3,65.6,13.9,12.6,15.1
424,137,2000,71.2,67.7,74.8,17.8,15.8,19.7,61.9,59.8,64.2,12.9,11.6,14.1
425,138,2019,76.0,73.1,78.9,21.8,20.5,23.1,65.8,64.3,67.2,16.1,15.3,16.8
426,138,2015,75.9,73.1,78.6,21.7,20.4,22.9,65.8,64.3,67.2,16.1,15.3,16.8
427,138,2010,75.1,72.2,78.0,21.5,20.3,22.7,65.1,63.6,66.6,15.9,15.2,16.6
428,138,2000,74.4,71.7,77.1,21.6,20.3,22.7,64.6,63.3,65.8,15.8,15.2,16.4
429,145,2019,63.0,60.3,66.0,14.7,13.8,15.6,56.0,54.4,57.8,11.1,10.7,11.6
430,145,2015,62.7,60.1,65.7,14.8,14.0,15.6,55.8,54.3,57.5,11.2,10.8,11.7
431,145,2010,62.7,60.0,65.6,14.9,14.1,15.6,55.8,54.2,57.5,11.3,10.9,11.7
432,145,2000,61.2,58.5,64.2,14.6,13.7,15.5,54.5,52.9,56.3,11.2,10.8,11.6
433,141,2019,68.1,63.8,72.8,16.4,14.2,18.5,60.3,57.1,63.8,12.6,11.0,14.2
434,141,2015,67.6,63.4,72.1,16.5,14.5,18.4,59.9,56.7,63.2,12.6,11.2,14.0
435,141,2010,65.1,61.1,69.5,15.1,13.3,16.9,57.8,54.8,61.1,11.6,10.3,12.9
436,141,2000,60.5,57.3,64.1,13.4,12.0,14.9,53.8,51.5,56.4,10.3,9.3,11.4
437,273,2019,75.9,73.2,78.7,19.4,17.4,21.3,67.0,65.2,68.7,14.9,13.5,16.3
438,273,2015,75.3,72.8,77.7,19.0,17.2,20.6,66.6,65.1,68.2,14.7,13.4,15.9
439,273,2010,74.7,72.3,77.1,19.0,17.5,20.3,66.2,64.6,67.8,14.7,13.5,15.7
440,273,2000,73.6,70.9,76.3,19.2,17.7,20.6,65.2,63.3,67.0,14.9,13.7,16.0
441,143,2019,73.0,71.7,74.3,18.7,17.7,19.6,63.7,63.7,63.7,14.1,13.7,14.6
442,143,2015,72.5,71.4,73.6,18.5,17.9,19.2,63.3,63.5,63.1,14.1,13.8,14.3
443,143,2010,71.6,71.1,72.3,18.7,18.9,18.8,62.5,63.1,62.1,14.2,14.5,14.0
444,143,2000,69.3,68.1,70.6,18.4,17.8,18.9,60.7,60.7,60.7,14.1,13.9,14.2
445,144,2019,58.1,54.5,61.7,15.8,13.3,17.8,50.4,47.9,52.8,11.6,9.8,13.0
446,144,2015,55.9,52.4,59.4,15.3,12.7,17.5,48.6,46.2,50.9,11.2,9.4,12.8
447,144,2010,53.5,50.7,56.3,15.1,12.5,17.4,46.5,44.6,48.3,11.1,9.2,12.7
448,144,2000,50.7,48.4,53.1,15.2,13.1,17.2,43.6,42.1,45.1,11.0,9.6,12.4
449,28,2019,69.1,65.9,72.2,18.1,16.2,19.6,60.9,58.8,62.8,13.6,12.4,14.6
450,28,2015,67.6,64.3,70.7,17.7,15.8,19.3,59.6,57.5,61.5,13.3,12.1,14.3
451,28,2010,64.8,61.6,67.9,17.0,15.1,18.6,57.2,55.2,59.1,12.8,11.6,13.8
452,28,2000,60.0,57.3,62.7,15.4,13.8,16.9,52.9,51.2,54.7,11.7,10.6,12.6
453,147,2019,64.6,60.6,68.4,17.2,14.7,19.3,56.1,53.4,58.6,12.7,10.8,14.2
454,147,2015,62.9,59.4,66.2,17.0,14.5,19.1,54.6,52.3,56.7,12.5,10.7,14.0
455,147,2010,60.9,57.3,64.7,16.4,13.9,18.8,52.9,50.5,55.4,12.1,10.3,13.8
456,147,2000,53.3,51.0,55.5,14.6,12.7,16.3,46.6,45.2,47.9,10.8,9.4,12.0
457,149,2019,70.9,68.9,72.7,18.0,16.8,19.2,61.3,60.6,62.1,13.3,12.7,13.8
458,149,2015,69.4,67.3,71.4,17.8,16.7,18.9,60.2,59.3,61.1,13.1,12.6,13.7
459,149,2010,69.2,67.5,70.9,18.1,17.2,19.0,59.9,59.4,60.5,13.3,12.9,13.7
460,149,2000,65.3,63.9,66.6,17.6,16.7,18.3,56.3,55.8,56.7,12.8,12.4,13.1
461,150,2019,81.8,80.4,83.1,24.1,23.0,25.1,71.4,71.3,71.5,18.4,17.9,18.9
462,150,2015,81.3,79.7,82.8,23.6,22.3,24.9,71.1,70.9,71.3,18.1,17.4,18.8
463,150,2010,80.7,78.7,82.5,23.3,21.6,24.8,70.9,70.3,71.4,18.1,17.0,19.0
464,150,2000,78.0,75.5,80.4,21.3,19.1,23.2,68.8,67.7,69.8,16.6,15.1,17.9
465,156,2019,82.0,80.4,83.5,24.8,23.8,25.8,70.2,69.6,70.8,18.6,17.9,19.2
466,156,2015,81.3,79.7,82.9,24.3,23.2,25.3,69.9,69.3,70.5,18.2,17.6,18.9
467,156,2010,80.9,79.1,82.7,24.2,23.0,25.4,69.8,69.0,70.6,18.3,17.5,19.0
468,156,2000,78.6,76.0,81.1,22.4,20.5,24.1,67.8,66.4,69.2,16.9,15.6,18.0
469,157,2019,75.0,72.1,77.9,20.0,18.0,21.9,65.5,63.7,67.2,15.1,13.7,16.3
470,157,2015,74.6,71.8,77.3,19.9,18.2,21.5,65.2,63.4,66.8,15.1,13.9,16.1
471,157,2010,74.1,71.4,76.7,19.6,18.0,21.1,64.7,63.0,66.3,14.9,13.8,15.9
472,157,2000,73.3,70.8,75.7,20.1,18.6,21.3,63.7,62.2,65.2,15.1,14.2,16.0
473,158,2019,63.3,62.1,64.6,17.2,16.6,17.8,55.5,55.3,55.8,13.0,12.7,13.3
474,158,2015,61.5,60.3,62.9,16.8,16.2,17.5,54.1,53.8,54.5,12.8,12.5,13.1
475,158,2010,59.0,57.8,60.2,16.6,15.9,17.2,51.9,51.6,52.2,12.7,12.3,13.0
476,158,2000,50.4,49.7,51.0,15.8,15.3,16.2,44.2,44.2,44.2,12.0,11.8,12.2
477,159,2019,62.6,61.2,64.1,18.2,17.6,18.9,54.4,53.9,54.9,13.5,13.3,13.8
478,159,2015,61.2,59.6,62.8,17.8,17.1,18.5,53.1,52.5,53.8,13.2,12.9,13.5
479,159,2010,59.2,57.8,60.8,17.3,16.5,18.0,51.5,51.0,52.1,12.8,12.5,13.2
480,159,2000,53.6,52.2,55.2,16.2,15.4,17.0,46.5,45.8,47.2,12.0,11.6,12.3
481,162,2019,82.6,81.1,84.1,24.7,23.5,25.8,71.4,71.0,71.6,18.5,17.8,19.1
482,162,2015,82.0,80.3,83.7,24.2,22.8,25.4,71.2,70.6,71.9,18.3,17.4,19.1
483,162,2010,80.9,78.8,82.9,23.5,21.9,25.0,70.2,69.3,71.0,17.6,16.6,18.6
484,162,2000,78.5,75.9,81.2,22.0,20.0,23.7,68.4,67.0,69.8,16.7,15.3,17.9
485,221,2019,73.9,73.0,75.3,17.8,17.2,18.5,64.7,64.5,64.5,13.2,12.9,13.5
486,221,2015,72.5,71.4,74.1,16.7,16.0,17.5,63.7,63.4,63.8,12.5,12.0,12.9
487,221,2010,70.4,69.0,72.5,15.9,15.2,16.8,62.0,61.5,62.7,11.9,11.5,12.4
488,221,2000,69.1,67.3,71.5,15.6,14.7,16.6,60.9,60.1,61.9,11.7,11.2,12.3
489,165,2019,65.6,64.6,66.7,17.3,16.8,17.8,56.9,56.9,56.8,12.6,12.5,12.6
490,165,2015,64.2,63.1,65.4,16.8,16.3,17.4,55.8,55.8,55.8,12.3,12.2,12.4
491,165,2010,62.6,61.5,63.9,16.4,15.8,17.1,54.5,54.4,54.5,12.0,11.9,12.1
492,165,2000,60.1,59.3,61.0,15.7,15.2,16.4,52.3,52.6,52.1,11.5,11.4,11.7
493,166,2019,79.3,76.6,82.1,24.3,22.6,26.0,68.7,67.4,70.0,18.1,17.1,19.2
494,166,2015,78.7,76.2,81.4,24.0,22.6,25.4,68.3,67.0,69.6,18.0,17.1,18.9
495,166,2010,77.5,74.6,80.6,23.3,21.7,25.0,67.5,65.9,69.1,17.6,16.6,18.6
496,166,2000,77.2,74.6,80.1,23.3,21.8,24.9,67.2,65.9,68.6,17.6,16.7,18.5
497,168,2019,65.3,63.4,67.4,16.5,15.4,17.6,57.1,56.2,58.1,12.3,11.7,12.8
498,168,2015,64.5,62.6,66.5,16.3,15.2,17.5,56.4,55.5,57.4,12.2,11.6,12.7
499,168,2010,63.4,61.5,65.4,16.1,14.9,17.2,55.4,54.5,56.4,12.0,11.3,12.5
500,168,2000,63.3,61.1,65.6,16.4,15.0,17.6,55.3,54.1,56.5,12.2,11.5,12.9
501,169,2019,75.8,73.1,78.8,21.8,20.2,23.5,65.8,64.5,67.3,16.5,15.4,17.6
502,169,2015,75.6,72.8,78.6,21.8,20.2,23.5,65.6,64.3,67.1,16.5,15.6,17.5
503,169,2010,75.0,72.5,77.7,21.6,20.2,23.0,65.2,64.1,66.5,16.4,15.6,17.3
504,169,2000,74.8,72.6,77.1,22.0,20.7,23.3,65.0,64.1,66.0,16.8,16.0,17.5
505,170,2019,79.9,78.5,81.3,24.4,23.7,25.1,69.5,69.2,69.8,18.5,18.3,18.7
506,170,2015,79.1,77.6,80.6,24.0,23.3,24.7,68.8,68.5,69.2,18.2,18.0,18.5
507,170,2010,77.3,75.6,78.9,23.0,22.2,23.8,67.5,67.0,67.9,17.5,17.3,17.8
508,170,2000,74.4,72.9,75.9,22.3,21.6,22.9,64.9,64.6,65.3,17.0,16.8,17.1
509,171,2019,70.4,67.4,73.6,17.8,15.8,19.6,62.0,60.1,63.9,13.4,12.1,14.6
510,171,2015,70.3,67.1,73.7,17.8,15.8,19.7,61.9,59.9,64.0,13.5,12.1,14.8
511,171,2010,70.0,66.6,73.5,18.0,16.0,19.9,61.6,59.5,63.8,13.6,12.2,14.9
512,171,2000,69.0,65.5,72.9,17.6,15.5,19.7,60.6,58.2,63.1,13.3,11.8,14.6
513,173,2019,78.3,74.5,81.9,22.1,19.5,24.3,68.7,65.9,71.3,16.8,14.9,18.5
514,173,2015,77.3,73.4,81.1,21.5,18.8,23.7,68.0,65.1,70.9,16.4,14.4,18.2
515,173,2010,76.3,72.1,80.4,21.0,18.2,23.3,67.1,64.0,70.2,16.0,13.9,17.7
516,173,2000,73.7,69.5,77.9,19.2,16.5,21.4,65.0,61.9,68.1,14.7,12.7,16.3
517,174,2019,81.6,78.6,84.4,24.3,22.1,26.3,71.0,69.6,72.2,18.6,17.3,19.8
518,174,2015,80.9,77.9,83.7,23.8,21.7,25.6,70.5,69.0,71.8,18.3,17.0,19.4
519,174,2010,79.7,76.6,82.7,23.1,20.9,25.0,69.3,67.8,70.8,17.6,16.3,18.8
520,174,2000,76.6,73.1,80.1,21.2,19.1,23.1,66.8,65.0,68.7,16.3,14.9,17.4
521,179,2019,77.2,78.0,76.6,19.5,20.6,18.4,67.1,68.1,65.1,14.2,15.1,13.1
522,179,2015,76.4,77.2,75.9,19.0,20.1,17.9,66.4,67.4,64.5,13.8,14.6,12.7
523,179,2010,74.1,75.0,73.9,17.3,18.7,16.1,64.7,65.8,63.1,12.5,13.6,11.5
524,179,2000,71.3,71.1,71.7,15.9,16.4,15.2,62.4,62.8,61.4,11.6,12.1,10.8
525,402,2019,83.3,80.3,86.1,25.8,23.4,27.9,73.1,71.3,74.7,19.8,18.2,21.2
526,402,2015,82.2,79.0,85.1,24.8,22.3,26.9,72.0,70.2,73.7,19.0,17.3,20.3
527,402,2010,80.6,77.1,83.8,23.7,21.1,25.9,70.9,68.7,72.9,18.2,16.4,19.7
528,402,2000,76.2,72.5,79.8,20.7,18.1,22.7,67.4,64.9,69.7,15.9,14.2,17.3
529,146,2019,73.3,69.3,77.1,19.0,16.6,20.9,64.5,61.9,67.1,14.6,12.8,16.0
530,146,2015,71.1,67.2,75.0,17.8,15.6,19.5,62.9,60.2,65.5,13.6,12.0,15.0
531,146,2010,68.8,64.6,73.1,16.5,14.5,18.2,61.0,58.1,64.0,12.7,11.2,13.9
532,146,2000,66.9,63.1,70.5,15.8,14.0,17.2,59.3,56.7,61.8,12.1,10.8,13.2
533,154,2019,74.8,72.8,76.9,18.3,17.0,19.6,66.1,65.1,67.3,14.0,13.1,14.9
534,154,2015,73.7,71.7,75.9,17.9,16.6,19.2,65.3,64.2,66.5,13.7,12.8,14.6
535,154,2010,73.1,70.9,75.4,17.5,16.1,18.7,64.9,63.6,66.2,13.4,12.5,14.3
536,154,2000,71.1,68.9,73.5,16.4,15.2,17.7,63.2,61.8,64.6,12.7,11.8,13.5
537,183,2019,75.6,72.0,79.3,20.3,17.8,22.4,66.8,64.3,69.4,15.7,13.8,17.3
538,183,2015,74.8,71.3,78.4,19.9,17.6,21.9,66.3,63.8,68.8,15.4,13.6,17.0
539,183,2010,73.7,70.1,77.4,19.2,17.1,21.1,65.4,62.8,68.1,15.0,13.3,16.5
540,183,2000,71.4,68.0,74.9,18.2,16.4,19.7,63.3,60.7,65.9,14.1,12.7,15.4
541,404,2019,73.2,68.2,78.0,19.9,16.8,22.2,64.2,60.7,67.5,15.0,12.8,16.7
542,404,2015,71.3,65.8,76.6,19.1,15.9,21.4,62.7,58.8,66.5,14.4,12.1,16.1
543,404,2010,68.8,62.9,74.7,17.8,14.5,20.2,60.5,56.2,64.9,13.4,11.0,15.1
544,404,2000,65.3,59.0,72.3,16.4,13.3,18.7,57.3,52.4,62.8,12.3,9.9,14.0
545,184,2019,69.1,66.9,71.2,18.0,16.6,19.2,60.2,59.0,61.4,13.6,12.7,14.4
546,184,2015,67.7,65.5,69.8,17.9,16.5,19.1,58.9,57.6,60.1,13.5,12.5,14.3
547,184,2010,64.4,62.3,66.5,17.4,15.9,18.6,55.9,54.8,57.1,13.1,12.1,13.9
548,184,2000,47.5,45.9,49.2,13.4,11.8,15.0,41.2,40.4,42.0,10.0,9.0,11.1
549,407,2019,74.3,71.3,77.7,20.9,19.2,22.9,64.7,63.0,66.6,15.8,14.7,17.1
550,407,2015,75.0,71.8,78.5,21.7,19.8,23.8,65.2,63.4,67.3,16.4,15.1,17.8
551,407,2010,75.2,71.9,78.9,22.0,19.9,24.3,65.5,63.5,67.7,16.7,15.2,18.2
552,407,2000,73.2,70.3,76.3,20.0,18.5,21.7,64.0,62.4,65.8,15.2,14.2,16.3
553,409,2019,73.2,71.3,75.3,20.9,20.2,21.6,64.0,62.9,65.1,15.9,15.4,16.4
554,409,2015,72.5,70.3,74.9,20.1,19.2,21.0,63.5,62.2,64.9,15.4,14.8,16.1
555,409,2010,72.9,70.9,75.0,19.8,19.0,20.7,64.0,62.9,65.2,15.3,14.7,15.9
556,409,2000,70.6,68.5,72.8,18.5,17.5,19.5,62.2,61.1,63.4,14.3,13.6,15.0
557,244,2019,70.5,69.2,71.8,17.9,17.4,18.3,62.1,61.8,62.5,13.4,13.3,13.5
558,244,2015,70.0,68.7,71.5,17.7,17.1,18.2,61.9,61.5,62.3,13.3,13.2,13.5
559,244,2010,69.6,68.1,71.2,17.5,16.8,18.1,61.5,61.0,62.1,13.2,13.0,13.4
560,244,2000,68.5,66.5,70.8,17.1,16.1,18.0,60.7,59.7,61.9,12.9,12.4,13.4
561,193,2019,70.4,68.8,72.0,17.7,16.7,18.6,61.6,60.9,62.2,13.1,12.6,13.7
562,193,2015,69.6,68.0,71.1,17.6,16.7,18.4,60.9,60.4,61.5,13.0,12.5,13.5
563,193,2010,68.2,66.9,69.5,17.5,16.7,18.1,59.8,59.3,60.2,12.9,12.6,13.3
564,193,2000,63.5,62.5,64.3,17.1,16.6,17.5,55.6,55.5,55.7,12.6,12.5,12.8
565,194,2019,74.3,73.1,76.1,19.9,19.3,20.8,64.0,63.8,64.4,14.0,13.8,14.4
566,194,2015,73.2,71.7,75.2,19.2,18.4,20.3,63.2,62.8,63.8,13.6,13.3,14.1
567,194,2010,71.8,70.4,73.7,18.3,17.4,19.3,62.2,61.9,62.6,13.0,12.6,13.4
568,194,2000,70.5,69.6,71.6,17.5,16.9,18.2,61.2,61.2,61.0,12.4,12.3,12.6
569,195,2019,68.6,66.8,70.1,18.1,17.2,18.9,59.4,58.8,59.9,13.1,12.6,13.5
570,195,2015,67.2,65.5,68.8,17.8,16.8,18.7,58.2,57.6,58.7,12.9,12.3,13.3
571,195,2010,65.5,63.7,67.2,17.6,16.5,18.5,56.7,56.0,57.3,12.7,12.1,13.2
572,195,2000,58.6,56.9,60.3,16.6,15.5,17.6,50.8,50.1,51.5,12.0,11.4,12.5
573,272,2019,75.9,73.5,78.3,19.6,17.9,21.1,66.9,65.4,68.4,14.9,13.7,16.0
574,272,2015,75.2,72.7,77.8,19.2,17.6,20.7,66.4,64.8,68.1,14.7,13.5,15.8
575,272,2010,74.2,71.6,76.8,18.6,17.1,20.0,65.7,64.0,67.4,14.3,13.2,15.3
576,272,2000,71.4,68.7,74.3,17.1,15.7,18.4,63.4,61.5,65.4,13.2,12.2,14.2
577,196,2019,73.3,70.0,77.1,19.5,17.5,21.5,64.0,61.9,66.4,14.1,12.7,15.4
578,196,2015,73.2,70.0,76.8,19.5,17.6,21.4,64.0,61.9,66.3,14.1,12.8,15.4
579,196,2010,73.0,69.6,76.8,19.3,17.1,21.4,64.0,61.8,66.4,14.1,12.6,15.5
580,196,2000,71.9,67.8,76.3,19.0,16.6,21.1,63.1,60.3,66.1,13.9,12.2,15.3
581,197,2019,60.8,59.6,61.9,17.0,16.4,17.4,52.9,52.5,53.3,12.6,12.4,12.8
582,197,2015,56.9,55.9,57.9,16.4,15.8,16.8,49.7,49.4,50.0,12.2,11.9,12.4
583,197,2010,54.7,53.7,55.8,15.7,15.0,16.3,47.8,47.4,48.1,11.7,11.3,12.0
584,197,2000,48.7,46.8,50.7,15.4,14.3,16.3,42.2,40.9,43.5,11.3,10.7,11.9
585,200,2019,83.2,81.0,85.5,25.5,23.8,27.2,73.6,72.4,74.7,20.0,18.8,21.0
586,200,2015,82.8,80.7,84.9,25.1,23.3,26.7,73.2,72.1,74.3,19.5,18.4,20.6
587,200,2010,81.7,79.4,84.0,24.1,22.2,25.8,72.3,71.1,73.6,18.8,17.5,19.9
588,200,2000,78.4,76.2,80.7,21.5,19.7,23.1,69.5,68.2,70.8,16.6,15.4,17.7
589,199,2019,78.2,74.8,81.4,21.8,19.3,23.9,68.5,66.2,70.8,16.6,14.6,18.2
590,199,2015,77.0,73.5,80.4,21.0,18.4,23.0,67.6,65.1,70.0,16.0,14.0,17.6
591,199,2010,75.5,71.7,79.1,19.8,17.2,21.9,66.5,63.7,69.1,15.1,13.1,16.8
592,199,2000,73.3,69.2,77.4,18.5,15.9,20.7,64.7,61.6,67.8,14.2,12.2,15.9
593,198,2019,81.3,78.6,84.1,23.8,21.8,25.6,70.7,69.0,72.5,17.8,16.4,19.2
594,198,2015,80.5,77.6,83.3,23.3,21.1,25.2,70.0,68.1,71.9,17.4,15.8,18.8
595,198,2010,79.6,76.2,82.7,22.8,20.3,24.8,69.2,67.0,71.4,17.0,15.2,18.6
596,198,2000,76.1,72.2,79.7,20.5,17.7,22.7,66.5,63.8,69.1,15.3,13.2,17.0
597,25,2019,65.2,62.9,67.9,15.5,14.7,16.3,57.8,56.5,59.1,11.8,11.4,12.2
598,25,2015,64.7,62.3,67.4,15.3,14.5,16.1,57.4,56.1,58.8,11.7,11.2,12.1
599,25,2010,63.7,61.3,66.4,14.9,14.1,15.7,56.6,55.3,58.1,11.4,11.0,11.9
600,25,2000,62.5,60.1,65.2,14.4,13.7,15.3,55.7,54.4,57.2,11.1,10.7,11.6
601,201,2019,56.5,54.0,59.2,14.5,13.2,16.0,49.7,48.3,51.3,11.2,10.3,12.2
602,201,2015,54.6,52.2,57.3,14.2,12.8,15.8,48.1,46.7,49.7,10.9,10.0,12.0
603,201,2010,52.0,49.5,54.9,13.7,12.2,15.4,45.9,44.4,47.7,10.6,9.6,11.7
604,201,2000,49.9,47.6,52.6,13.1,11.6,14.7,44.0,42.7,45.5,10.1,9.1,11.2
605,202,2019,65.3,62.2,68.3,19.1,17.3,20.5,56.2,54.6,57.7,13.9,12.7,14.8
606,202,2015,62.6,59.8,65.3,17.7,15.9,19.1,54.1,52.7,55.5,12.9,11.7,13.9
607,202,2010,57.1,55.0,59.2,16.9,15.1,18.5,49.6,48.7,50.5,12.3,11.1,13.4
608,202,2000,55.8,53.1,58.6,16.2,14.4,18.0,48.5,47.1,50.0,11.9,10.7,13.0
609,277,2019,62.8,60.8,64.8,17.8,16.6,18.9,53.7,52.9,54.5,12.7,12.2,13.1
610,277,2015,62.0,59.8,64.3,17.4,16.2,18.7,53.0,52.1,54.0,12.4,11.9,13.0
611,277,2010,61.1,59.2,63.1,17.2,15.9,18.5,52.4,51.7,53.1,12.3,11.7,12.8
612,277,2000,54.1,52.1,56.4,16.3,15.0,17.7,46.4,45.4,47.4,11.6,11.0,12.2
613,203,2019,83.2,80.7,85.7,25.4,23.3,27.3,72.1,71.3,72.9,19.2,18.0,20.3
614,203,2015,82.3,79.7,84.9,24.7,22.6,26.7,71.6,70.6,72.4,18.8,17.5,20.0
615,203,2010,81.7,78.8,84.6,24.4,22.2,26.5,71.0,69.8,72.2,18.5,17.1,19.8
616,203,2000,79.1,75.7,82.5,22.7,20.3,24.8,69.1,67.1,71.0,17.3,15.7,18.7
617,38,2019,76.9,73.8,79.8,20.8,18.6,22.6,67.0,65.1,69.0,15.3,13.8,16.6
618,38,2015,76.3,73.0,79.4,20.7,18.6,22.6,66.6,64.4,68.6,15.2,13.8,16.5
619,38,2010,73.3,69.4,77.3,20.0,18.1,21.8,64.2,61.5,67.0,14.9,13.5,16.2
620,38,2000,71.9,67.9,76.3,19.6,18.1,21.2,63.0,60.1,66.2,14.7,13.5,15.8
621,276,2019,69.1,67.6,70.8,18.6,17.8,19.4,59.9,59.6,60.3,13.6,13.3,14.0
622,276,2015,67.9,66.2,69.7,18.5,17.7,19.3,58.9,58.4,59.4,13.5,13.2,13.9
623,276,2010,66.6,64.7,68.4,18.2,17.3,19.1,57.7,57.2,58.3,13.3,12.9,13.7
624,276,2000,62.5,60.4,64.7,17.3,16.2,18.3,54.3,53.5,55.1,12.6,12.1,13.1
625,207,2019,71.5,68.5,74.6,18.5,16.4,20.5,62.4,60.7,64.2,14.1,12.6,15.4
626,207,2015,72.6,69.5,75.8,19.8,17.8,21.8,63.2,61.4,65.0,15.0,13.6,16.4
627,207,2010,71.8,68.7,75.1,19.9,18.0,21.5,62.6,60.8,64.6,15.1,13.9,16.2
628,207,2000,69.9,67.1,73.0,18.9,17.4,20.5,61.3,59.7,63.0,14.5,13.5,15.6
629,210,2019,82.4,80.8,84.0,24.5,23.3,25.6,71.9,71.7,72.1,18.9,18.3,19.4
630,210,2015,81.7,80.0,83.5,24.0,22.7,25.3,71.4,71.0,71.8,18.5,17.8,19.1
631,210,2010,81.3,79.4,83.1,23.7,22.2,25.0,71.2,70.7,71.7,18.3,17.5,19.0
632,210,2000,79.6,77.3,81.8,22.4,20.6,24.1,69.9,69.0,70.7,17.4,16.3,18.4
633,211,2019,83.4,81.8,85.1,25.4,24.1,26.6,72.5,72.2,72.8,19.5,18.8,20.2
634,211,2015,82.6,80.6,84.5,24.8,23.3,26.2,71.7,71.2,72.3,19.0,18.2,19.9
635,211,2010,82.2,80.0,84.2,24.6,22.9,26.2,71.4,70.6,72.0,18.9,17.8,19.8
636,211,2000,79.7,76.9,82.3,23.0,20.8,24.8,69.3,67.9,70.6,17.7,16.2,18.9
637,212,2019,72.7,71.2,74.3,18.7,18.2,19.3,62.9,62.5,63.3,13.9,13.8,14.2
638,212,2015,64.4,60.9,68.4,16.2,15.5,17.0,56.3,54.1,58.8,12.2,11.9,12.6
639,212,2010,74.3,73.2,75.6,19.2,18.9,19.6,65.1,65.2,65.1,14.6,14.6,14.6
640,212,2000,71.5,70.4,72.7,17.6,17.4,18.0,62.8,62.9,62.8,13.4,13.5,13.4
641,208,2019,69.5,67.6,71.5,16.1,15.1,17.2,62.0,60.9,63.2,12.7,12.1,13.4
642,208,2015,68.7,66.7,70.8,15.5,14.5,16.7,61.4,60.3,62.7,12.3,11.6,13.1
643,208,2010,68.0,66.0,70.2,15.6,14.7,16.6,60.9,59.7,62.2,12.4,11.8,13.1
644,208,2000,65.6,63.5,67.8,17.2,16.4,18.0,58.3,57.0,59.8,13.6,13.1,14.1
645,216,2019,77.7,74.4,81.0,23.6,22.1,24.8,68.3,65.9,70.6,18.0,17.0,18.8
646,216,2015,77.4,74.1,80.7,23.5,22.2,24.7,68.0,65.7,70.3,17.9,17.0,18.7
647,216,2010,76.3,73.2,79.3,22.8,21.7,23.8,67.1,65.0,69.2,17.4,16.7,18.0
648,216,2000,71.3,67.5,75.2,20.8,19.3,22.1,62.6,59.9,65.5,15.6,14.7,16.5
649,411,2019,69.6,67.9,71.4,17.9,16.9,18.9,60.9,59.8,62.0,13.2,12.5,13.8
650,411,2015,68.9,67.3,70.5,18.0,17.2,18.8,60.3,59.4,61.3,13.3,12.8,13.8
651,411,2010,68.1,66.8,69.4,18.3,17.7,18.8,59.3,58.4,60.2,13.5,13.1,13.8
652,411,2000,62.7,61.9,63.4,17.9,17.7,18.0,53.1,52.4,53.7,12.5,12.4,12.6
653,217,2019,64.3,61.5,67.2,17.0,15.4,18.6,56.2,54.7,57.8,12.8,11.8,13.8
654,217,2015,61.9,59.2,64.8,16.5,14.8,18.3,54.2,52.8,55.8,12.4,11.3,13.5
655,217,2010,59.3,57.0,61.8,15.9,14.2,17.8,52.0,50.8,53.2,12.0,10.8,13.2
656,217,2000,55.9,53.9,58.1,15.7,14.0,17.4,48.9,48.0,50.0,11.7,10.7,12.8
657,219,2019,72.6,69.8,75.6,19.0,17.0,21.2,64.0,62.7,65.5,14.5,13.3,15.7
658,219,2015,72.3,69.4,75.5,18.9,16.8,21.1,63.9,62.5,65.6,14.4,13.1,15.8
659,219,2010,72.2,69.1,75.5,18.9,16.7,21.2,63.9,62.3,65.5,14.4,13.1,15.8
660,219,2000,70.9,68.0,74.2,18.0,15.5,20.8,62.9,61.5,64.5,13.8,12.2,15.5
661,220,2019,76.1,72.5,79.9,22.7,20.4,25.0,66.2,64.0,68.6,17.2,15.6,18.9
662,220,2015,74.6,71.1,78.3,21.6,19.4,23.7,65.2,62.9,67.6,16.5,14.9,18.1
663,220,2010,72.1,68.7,75.7,19.6,17.6,21.5,63.3,61.2,65.6,15.1,13.6,16.5
664,220,2000,69.7,66.9,72.6,18.1,16.4,19.8,61.4,59.8,63.1,14.0,12.8,15.2
665,222,2019,77.0,74.9,79.2,21.5,20.2,22.8,66.9,66.1,67.7,16.0,15.1,16.8
666,222,2015,76.7,74.6,78.8,21.2,19.9,22.5,66.7,66.0,67.5,15.8,15.0,16.6
667,222,2010,76.0,73.9,78.2,20.9,19.6,22.1,66.3,65.5,67.1,15.6,14.8,16.4
668,222,2000,74.1,71.9,76.5,20.1,18.9,21.5,64.8,63.9,65.8,15.1,14.4,15.9
669,223,2019,78.6,76.4,80.7,22.0,20.6,23.2,68.4,67.8,69.0,16.6,15.8,17.3
670,223,2015,77.8,75.4,80.1,21.5,19.9,22.9,67.7,66.9,68.4,16.2,15.2,17.1
671,223,2010,76.9,74.6,79.1,21.2,19.8,22.6,66.9,66.3,67.6,15.9,15.1,16.7
672,223,2000,74.4,71.9,76.8,21.5,20.1,22.7,65.0,64.1,65.8,16.3,15.6,17.0
673,213,2019,69.7,66.5,73.0,18.7,17.1,20.1,62.1,59.9,64.3,14.7,13.6,15.6
674,213,2015,69.1,65.7,72.6,18.0,16.3,19.6,61.7,59.4,64.0,14.2,13.0,15.3
675,213,2010,67.3,63.6,71.1,17.2,15.3,18.8,60.1,57.6,62.7,13.6,12.3,14.7
676,213,2000,63.3,59.3,67.4,16.3,14.4,17.8,56.6,53.8,59.6,12.9,11.6,13.9
677,226,2019,66.7,63.2,70.1,17.7,15.7,19.4,58.2,56.0,60.4,13.4,12.0,14.6
678,226,2015,64.5,60.8,68.1,17.4,15.2,19.2,56.3,53.9,58.7,13.1,11.6,14.4
679,226,2010,59.7,57.0,62.2,16.7,14.4,18.7,52.1,50.6,53.6,12.6,11.0,14.0
680,226,2000,48.8,46.8,50.8,14.7,12.5,16.6,42.5,41.4,43.7,11.1,9.5,12.4
681,230,2019,73.0,68.0,77.8,19.5,16.4,21.7,64.3,60.6,67.8,15.0,12.7,16.7
682,230,2015,72.2,67.2,77.0,18.9,15.9,21.1,63.8,60.1,67.3,14.6,12.3,16.2
683,230,2010,70.2,65.2,75.1,17.7,14.9,19.8,62.2,58.5,65.8,13.6,11.5,15.2
684,230,2000,67.5,62.1,73.2,16.8,14.0,18.8,59.7,55.5,64.1,12.8,10.7,14.4
685,225,2019,76.1,75.1,78.4,19.9,19.2,21.7,66.0,65.8,66.2,14.5,14.1,15.3
686,225,2015,75.3,74.3,77.8,19.4,18.6,21.3,65.4,65.3,65.7,14.1,13.7,14.9
687,225,2010,74.9,73.9,77.4,19.5,18.8,21.2,65.1,64.9,65.3,14.1,13.9,14.7
688,225,2000,73.2,72.2,75.1,18.7,18.0,19.8,63.9,63.7,63.8,13.6,13.3,14.0
689,412,2019,81.4,79.8,83.0,24.1,23.0,25.2,70.1,69.6,70.6,18.3,17.6,18.9
690,412,2015,80.7,78.9,82.3,23.5,22.3,24.6,69.7,69.0,70.3,17.9,17.1,18.5
691,412,2010,80.2,78.3,82.1,23.4,22.0,24.6,69.4,68.7,70.2,17.8,16.9,18.6
692,412,2000,77.9,75.5,80.1,21.3,19.5,22.9,67.6,66.5,68.6,16.3,15.1,17.3
693,413,2019,67.3,65.4,69.3,18.2,17.1,19.1,58.5,57.6,59.3,13.4,12.7,13.9
694,413,2015,65.4,63.4,67.3,17.8,16.7,18.7,56.7,55.9,57.6,13.1,12.5,13.7
695,413,2010,61.4,60.0,62.6,17.3,16.0,18.3,53.4,52.9,53.7,12.7,11.9,13.4
696,413,2000,52.5,51.3,53.6,16.0,14.3,17.4,45.4,45.0,45.8,11.7,10.7,12.6
697,231,2019,78.5,76.3,80.7,23.1,21.8,24.4,66.1,65.2,67.0,16.4,15.6,17.1
698,231,2015,78.6,76.3,80.8,23.1,21.7,24.4,66.6,65.6,67.5,16.5,15.7,17.3
699,231,2010,78.6,76.3,80.8,23.0,21.5,24.2,66.7,65.7,67.7,16.5,15.6,17.2
700,231,2000,76.7,74.1,79.2,21.4,19.8,22.8,65.8,64.6,67.0,15.7,14.7,16.6
701,234,2019,77.1,73.5,80.6,21.7,19.0,24.0,67.5,65.4,69.5,16.6,14.9,18.2
702,234,2015,77.0,73.3,80.6,21.8,19.0,24.1,67.5,65.3,69.6,16.8,14.9,18.4
703,234,2010,76.4,72.5,80.0,21.2,18.4,23.7,67.1,64.9,69.3,16.5,14.5,18.2
704,234,2000,74.8,70.8,78.8,20.6,17.7,23.1,65.9,63.5,68.4,16.0,14.1,17.8
705,235,2019,73.0,70.8,75.2,18.6,17.3,19.8,64.7,63.5,65.8,14.5,13.7,15.3
706,235,2015,71.4,69.0,73.9,17.8,16.4,19.0,63.5,62.2,64.8,13.9,13.0,14.7
707,235,2010,70.2,67.5,72.9,17.3,15.7,18.7,62.3,60.8,63.9,13.5,12.4,14.5
708,235,2000,65.3,62.4,68.2,16.0,14.8,17.1,58.1,56.3,59.9,12.6,11.8,13.3
709,155,2019,65.3,62.7,68.3,15.7,14.8,16.7,57.8,56.4,59.4,11.9,11.5,12.4
710,155,2015,64.6,62.0,67.7,15.5,14.7,16.5,57.4,55.9,59.0,11.9,11.4,12.4
711,155,2010,64.5,61.9,67.5,15.3,14.5,16.4,57.3,55.9,58.9,11.8,11.3,12.3
712,155,2000,63.9,61.4,66.9,15.0,14.2,16.0,56.8,55.3,58.6,11.5,11.1,12.1
713,415,2019,73.9,69.9,78.2,21.7,19.7,23.6,64.4,61.9,67.1,16.3,15.0,17.5
714,415,2015,74.7,70.6,79.0,21.8,19.9,23.7,65.1,62.5,67.8,16.4,15.2,17.6
715,415,2010,74.8,70.8,79.0,21.9,20.0,23.6,65.3,62.8,67.9,16.5,15.3,17.6
716,415,2000,74.1,70.5,77.9,21.3,19.6,22.9,64.7,62.5,67.0,16.0,15.0,17.0
717,237,2019,73.7,69.6,78.1,19.6,16.9,22.0,65.3,62.4,68.3,14.8,12.9,16.4
718,237,2015,73.2,68.9,77.6,19.4,16.7,21.8,64.9,62.0,67.9,14.7,12.8,16.2
719,237,2010,72.7,68.4,77.1,19.2,16.5,21.5,64.5,61.6,67.5,14.5,12.8,16.0
720,237,2000,71.4,67.3,75.6,18.9,16.4,21.0,63.3,60.6,66.0,14.3,12.7,15.6
721,249,2019,66.6,64.4,68.9,17.8,16.8,18.7,57.5,56.9,58.2,13.3,12.8,13.7
722,249,2015,67.5,65.4,69.6,18.0,17.0,18.9,58.4,57.9,58.8,13.5,13.0,13.9
723,249,2010,67.7,65.9,69.6,17.8,16.8,18.7,58.6,58.4,58.9,13.3,12.9,13.8
724,249,2000,62.7,60.9,64.7,16.8,15.7,17.9,54.5,54.1,54.9,12.6,12.1,13.2
725,251,2019,62.5,59.5,65.4,16.5,14.7,18.0,54.4,52.5,56.3,12.6,11.3,13.7
726,251,2015,60.5,57.9,63.0,16.1,14.3,17.7,52.7,51.1,54.3,12.3,11.0,13.4
727,251,2010,56.7,54.3,59.1,15.4,13.4,17.1,49.4,47.9,51.0,11.7,10.3,12.9
728,251,2000,44.5,43.7,45.2,13.2,11.6,14.7,39.0,38.6,39.3,10.0,8.9,11.1
729,181,2019,60.7,57.5,63.6,15.6,13.6,17.0,53.1,51.2,54.8,11.5,10.2,12.4
730,181,2015,58.5,55.7,61.0,15.1,13.2,16.5,51.2,49.6,52.6,11.2,9.9,12.0
731,181,2010,51.5,49.6,53.2,14.1,12.4,15.4,45.2,44.2,46.1,10.5,9.3,11.3
732,181,2000,46.6,45.1,48.1,14.4,11.7,17.1,41.0,40.4,41.8,10.6,8.7,12.4
